Country Name,Country Code,1990,1991,1992,1993,1994,1995,1996,1997,1998,1999,2000,2001,2002,2003,2004,2005,2006,2007,2008,2009,2010,2011,2012,2013,2014,2015,2016,2017
Afghanistan,AFG,652860,652860,652860,652860,652860,652860,652860,652860,652860,652860,652860,652860,652860,652860,652860,652860,652860,652860,652860,652860,652860,652860,652860,652860,652860,652860,652860,652860
Albania,ALB,28750,28750,28750,28750,28750,28750,28750,28750,28750,28750,28750,28750,28750,28750,28750,28750,28750,28750,28750,28750,28750,28750,28750,28750,28750,28750,28750,28750
Algeria,DZA,2381740,2381740,2381740,2381740,2381740,2381740,2381740,2381740,2381740,2381740,2381740,2381740,2381740,2381740,2381740,2381740,2381740,2381740,2381740,2381740,2381740,2381740,2381740,2381740,2381740,2381740,2381740,2381740
American Samoa,ASM,200,200,200,200,200,200,200,200,200,200,200,200,200,200,200,200,200,200,200,200,200,200,200,200,200,200,200,200
Andorra,AND,470,470,470,470,470,470,470,470,470,470,470,470,470,470,470,470,470,470,470,470,470,470,470,470,470,470,470,470
Angola,AGO,1246700,1246700,1246700,1246700,1246700,1246700,1246700,1246700,1246700,1246700,1246700,1246700,1246700,1246700,1246700,1246700,1246700,1246700,1246700,1246700,1246700,1246700,1246700,1246700,1246700,1246700,1246700,1246700
Antigua and Barbuda,ATG,440,440,440,440,440,440,440,440,440,440,440,440,440,440,440,440,440,440,440,440,440,440,440,440,440,440,440,440
Argentina,ARG,2780400,2780400,2780400,2780400,2780400,2780400,2780400,2780400,2780400,2780400,2780400,2780400,2780400,2780400,2780400,2780400,2780400,2780400,2780400,2780400,2780400,2780400,2780400,2780400,2780400,2780400,2780400,2780400
Armenia,ARM,29740,29740,29740,29740,29740,29740,29740,29740,29740,29740,29740,29740,29740,29740,29740,29740,29740,29740,29740,29740,29740,29740,29740,29740,29740,29740,29740,29740
Aruba,ABW,180,180,180,180,180,180,180,180,180,180,180,180,180,180,180,180,180,180,180,180,180,180,180,180,180,180,180,180
Australia,AUS,7741220,7741220,7741220,7741220,7741220,7741220,7741220,7741220,7741220,7741220,7741220,7741220,7741220,7741220,7741220,7741220,7741220,7741220,7741220,7741220,7741220,7741220,7741220,7741220,7741220,7741220,7741220,7741220
Austria,AUT,83879,83879,83879,83879,83879,83879,83879,83879,83879,83879,83879,83879,83879,83879,83879,83879,83879,83879,83879,83879,83879,83879,83879,83879,83879,83879,83879,83879
Azerbaijan,AZE,86600,86600,86600,86600,86600,86600,86600,86600,86600,86600,86600,86600,86600,86600,86600,86600,86600,86600,86600,86600,86600,86600,86600,86600,86600,86600,86600,86600
"Bahamas, The",BHS,13880,13880,13880,13880,13880,13880,13880,13880,13880,13880,13880,13880,13880,13880,13880,13880,13880,13880,13880,13880,13880,13880,13880,13880,13880,13880,13880,13880
Bahrain,BHR,690,690,690,690,690,690,690,690,690,690,710,710,710,710,710,710,710,710,760,760,762,767,770,770,771,771,771,771
Bangladesh,BGD,148460,148460,148460,148460,148460,148460,148460,148460,148460,148460,148460,148460,148460,148460,148460,148460,148460,148460,148460,148460,148460,148460,148460,148460,147630,147630,147630,147630
Barbados,BRB,430,430,430,430,430,430,430,430,430,430,430,430,430,430,430,430,430,430,430,430,430,430,430,430,430,430,430,430
Belarus,BLR,207600,207600,207600,207600,207600,207600,207600,207600,207600,207600,207600,207600,207600,207600,207600,207600,207600,207600,207600,207600,207600,207600,207600,207600,207600,207600,207600,207600
Belgium,BEL,30530,30530,30530,30530,30530,30530,30530,30530,30530,30530,30530,30530,30530,30530,30530,30530,30530,30530,30530,30530,30530,30530,30530,30530,30530,30530,30530,30530
Belize,BLZ,22970,22970,22970,22970,22970,22970,22970,22970,22970,22970,22970,22970,22970,22970,22970,22970,22970,22970,22970,22970,22970,22970,22970,22970,22970,22970,22970,22970
Benin,BEN,114760,114760,114760,114760,114760,114760,114760,114760,114760,114760,114760,114760,114760,114760,114760,114760,114760,114760,114760,114760,114760,114760,114760,114760,114760,114760,114760,114760
Bermuda,BMU,50,50,50,50,50,50,50,50,50,50,50,50,50,50,50,50,50,50,50,50,50,50,50,50,50,50,50,50
Bhutan,BTN,47000,47000,47000,47000,47000,47000,47000,47000,47000,47000,40077,40077,40077,40077,40077,40077,40077,40077,38394,38394,38394,38394,38394,38394,38394,38394,38394,38394
Bolivia,BOL,1098580,1098580,1098580,1098580,1098580,1098580,1098580,1098580,1098580,1098580,1098580,1098580,1098580,1098580,1098580,1098580,1098580,1098580,1098580,1098580,1098580,1098580,1098580,1098580,1098580,1098580,1098580,1098580
Bosnia and Herzegovina,BIH,51210,51210,51210,51210,51210,51210,51210,51210,51210,51210,51210,51210,51210,51210,51210,51210,51210,51210,51210,51210,51210,51210,51210,51210,51210,51210,51210,51210
Botswana,BWA,581730,581730,581730,581730,581730,581730,581730,581730,581730,581730,581730,581730,581730,581730,581730,581730,581730,581730,581730,581730,581730,581730,581730,581730,581730,581730,581730,581730
Brazil,BRA,8515770,8515770,8515770,8515770,8515770,8515770,8515770,8515770,8515770,8515770,8515770,8515770,8515770,8515770,8515770,8515770,8515770,8515770,8515770,8515770,8515770,8515770,8515770,8515770,8515770,8515770,8515770,8515770
British Virgin Islands,VGB,150,150,150,150,150,150,150,150,150,150,150,150,150,150,150,150,150,150,150,150,150,150,150,150,150,150,150,150
Brunei Darussalam,BRN,5770,5770,5770,5770,5770,5770,5770,5770,5770,5770,5770,5770,5770,5770,5770,5770,5770,5770,5770,5770,5770,5770,5770,5770,5770,5770,5770,5770
Bulgaria,BGR,110990,110990,110990,110990,110990,110990,110990,110990,110990,110990,110990,110990,110990,110990,110990,110990,110990,110990,111000,111000,111000,111000,111000,111000,111000,111000,111000,111000
Burkina Faso,BFA,274220,274220,274220,274220,274220,274220,274220,274220,274220,274220,274220,274220,274220,274220,274220,274220,274220,274220,274220,274220,274220,274220,274220,274220,274220,274220,274220,274220
Burundi,BDI,27830,27830,27830,27830,27830,27830,27830,27830,27830,27830,27830,27830,27830,27830,27830,27830,27830,27830,27830,27830,27830,27830,27830,27830,27830,27830,27830,27830
Cabo Verde,CPV,4030,4030,4030,4030,4030,4030,4030,4030,4030,4030,4030,4030,4030,4030,4030,4030,4030,4030,4030,4030,4030,4030,4030,4030,4030,4030,4030,4030
Cambodia,KHM,181040,181040,181040,181040,181040,181040,181040,181040,181040,181040,181040,181040,181040,181040,181040,181040,181040,181040,181040,181040,181040,181040,181040,181040,181040,181040,181040,181040
Cameroon,CMR,475440,475440,475440,475440,475440,475440,475440,475440,475440,475440,475440,475440,475440,475440,475440,475440,475440,475440,475440,475440,475440,475440,475440,475440,475440,475440,475440,475440
Canada,CAN,9984670,9984670,9984670,9984670,9984670,9984670,9984670,9984670,9984670,9984670,9984670,9984670,9984670,9984670,9984670,9984670,9984670,9984670,9984670,9984670,9984670,9984670,9984670,9984670,9984670,9984670,9984670,9984670
Cayman Islands,CYM,264,264,264,264,264,264,264,264,264,264,264,264,264,264,264,264,264,264,264,264,264,264,264,264,264,264,264,264
Central African Republic,CAF,622980,622980,622980,622980,622980,622980,622980,622980,622980,622980,622980,622980,622980,622980,622980,622980,622980,622980,622980,622980,622980,622980,622980,622980,622980,622980,622980,622980
Chad,TCD,1284000,1284000,1284000,1284000,1284000,1284000,1284000,1284000,1284000,1284000,1284000,1284000,1284000,1284000,1284000,1284000,1284000,1284000,1284000,1284000,1284000,1284000,1284000,1284000,1284000,1284000,1284000,1284000
Channel Islands,CHI,190,190,190,190,190,190,190,190,190,190,190,190,190,190,190,190,190,190,190,190,190,190,190,190,190,190,190,190
Chile,CHL,756096,756096,756096,756096,756096,756096,756096,756096,756096,756096,756096,756096,756096,756096,756096,756096,756096,756096,756096,756096,756096,756096,756096,756096,756096,756096,756096,756096
China,CHN,9562950,9562950,9562950,9562950,9562950,9562950,9562950,9562950,9562950,9562950,9562920,9562920,9562920,9562920,9562920,9562920,9562920,9562920,9562910.8,9562911,9562911,9562911,9562911,9562911,9562911,9562911,9562911,9562911
Colombia,COL,1141750,1141750,1141750,1141750,1141750,1141750,1141750,1141750,1141750,1141750,1141750,1141750,1141750,1141750,1141750,1141750,1141750,1141750,1141750,1141750,1141750,1141750,1141748,1141749,1141749,1141749,1141749,1141749
Comoros,COM,1861,1861,1861,1861,1861,1861,1861,1861,1861,1861,1861,1861,1861,1861,1861,1861,1861,1861,1861,1861,1861,1861,1861,1861,1861,1861,1861,1861
"Congo, Dem. Rep.",COD,2344860,2344860,2344860,2344860,2344860,2344860,2344860,2344860,2344860,2344860,2344860,2344860,2344860,2344860,2344860,2344860,2344860,2344860,2344860,2344860,2344860,2344860,2344860,2344860,2344860,2344860,2344860,2344860
"Congo, Rep.",COG,342000,342000,342000,342000,342000,342000,342000,342000,342000,342000,342000,342000,342000,342000,342000,342000,342000,342000,342000,342000,342000,342000,342000,342000,342000,342000,342000,342000
Costa Rica,CRI,51100,51100,51100,51100,51100,51100,51100,51100,51100,51100,51100,51100,51100,51100,51100,51100,51100,51100,51100,51100,51100,51100,51100,51100,51100,51100,51100,51100
Cote d'Ivoire,CIV,322460,322460,322460,322460,322460,322460,322460,322460,322460,322460,322460,322460,322460,322460,322460,322460,322460,322460,322460,322460,322460,322460,322460,322460,322460,322460,322460,322460
Croatia,HRV,56540,56540,56540,56540,56540,56540,56540,56540,56540,56540,56540,56540,56540,56540,56540,56540,56540,56540,56590,56590,56590,56590,56590,56590,56590,56590,56590,56590
Cuba,CUB,109890,109890,109890,109890,109890,109890,109890,109890,109890,109890,109890,109890,109890,109890,109890,109890,109890,109890,109890,109890,109880,109880,109880,109880,109880,109880,109880,109880
Curacao,CUW,444,444,444,444,444,444,444,444,444,444,444,444,444,444,444,444,444,444,444,444,444,444,444,444,444,444,444,444
Cyprus,CYP,9250,9250,9250,9250,9250,9250,9250,9250,9250,9250,9250,9250,9250,9250,9250,9250,9250,9250,9250,9250,9250,9250,9250,9250,9250,9250,9250,9250
Czech Republic,CZE,78870,78870,78870,78870,78870,78870,78870,78870,78870,78870,78870,78870,78870,78870,78870,78870,78870,78870,78870,78870,78870,78870,78870,78870,78870,78870,78870,78870
Denmark,DNK,43090,43090,43090,43090,43090,43090,43090,43090,43090,43090,43090,43090,43090,43090,43090,43090,43090,43090,43090,43090,43090,43090,42890,42916,42922,42922,42922,42922
Djibouti,DJI,23200,23200,23200,23200,23200,23200,23200,23200,23200,23200,23200,23200,23200,23200,23200,23200,23200,23200,23200,23200,23200,23200,23200,23200,23200,23200,23200,23200
Dominica,DMA,750,750,750,750,750,750,750,750,750,750,750,750,750,750,750,750,750,750,750,750,750,750,750,750,750,750,750,750
Dominican Republic,DOM,48670,48670,48670,48670,48670,48670,48670,48670,48670,48670,48670,48670,48670,48670,48670,48670,48670,48670,48670,48670,48670,48670,48670,48670,48670,48670,48670,48670
Ecuador,ECU,283560,283560,283560,283560,283560,283560,283560,283560,283560,283560,256370,256370,256370,256370,256370,256370,256370,256370,256370,256370,256370,256370,256370,256370,256370,256370,256370,256370
"Egypt, Arab Rep.",EGY,1001450,1001450,1001450,1001450,1001450,1001450,1001450,1001450,1001450,1001450,1001450,1001450,1001450,1001450,1001450,1001450,1001450,1001450,1001450,1001450,1001450,1001450,1001450,1001450,1001450,1001450,1001450,1001450
El Salvador,SLV,21040,21040,21040,21040,21040,21040,21040,21040,21040,21040,21040,21040,21040,21040,21040,21040,21040,21040,21040,21040,21040,21040,21040,21040,21040,21040,21040,21040
Equatorial Guinea,GNQ,28050,28050,28050,28050,28050,28050,28050,28050,28050,28050,28050,28050,28050,28050,28050,28050,28050,28050,28050,28050,28050,28050,28050,28050,28050,28050,28050,28050
Eritrea,ERI,117600,117600,117600,117600,117600,117600,117600,117600,117600,117600,117600,117600,117600,117600,117600,117600,117600,117600,117600,117600,117600,117600,117600,117600,117600,117600,117600,117600
Estonia,EST,45230,45230,45230,45230,45230,45230,45230,45230,45230,45230,45230,45230,45230,45230,45230,45230,45230,45230,45230,45230,45230,45230,45230,45230,45230,45230,45230,45230
Eswatini,SWZ,17360,17360,17360,17360,17360,17360,17360,17360,17360,17360,17360,17360,17360,17360,17360,17360,17360,17360,17360,17360,17360,17360,17360,17360,17360,17360,17360,17360
Ethiopia,ETH,1221900,1221900,1221900,1221900,1221900,1221900,1221900,1221900,1221900,1221900,1104300,1104300,1104300,1104300,1104300,1104300,1104300,1104300,1104300,1104300,1104300,1104300,1104300,1104300,1104300,1104300,1104300,1104300
Faroe Islands,FRO,1396,1396,1396,1396,1396,1396,1396,1396,1396,1396,1396,1396,1396,1396,1396,1396,1396,1396,1396,1396,1396,1396,1396,1396,1396,1396,1396,1396
Fiji,FJI,18270,18270,18270,18270,18270,18270,18270,18270,18270,18270,18270,18270,18270,18270,18270,18270,18270,18270,18270,18270,18270,18270,18270,18270,18270,18270,18270,18270
Finland,FIN,338150,338150,338150,338150,338150,338150,338150,338150,338150,338150,338150,338150,338150,338150,338150,338150,338150,338150,338420,338420,338420,338420,338420,338420,338420,338420,338420,338420
France,FRA,549086,549086,549086,549086,549086,549086,549086,549086,549086,549086,549087,549087,549087,549087,549087,549087,549087,549087,549087,549087,549087,549087,549087,549087,549087,549087,549087,549087
French Polynesia,PYF,4000,4000,4000,4000,4000,4000,4000,4000,4000,4000,4000,4000,4000,4000,4000,4000,4000,4000,4000,4000,4000,4000,4000,4000,4000,4000,4000,4000
Gabon,GAB,267670,267670,267670,267670,267670,267670,267670,267670,267670,267670,267670,267670,267670,267670,267670,267670,267670,267670,267670,267670,267670,267670,267670,267670,267670,267670,267670,267670
"Gambia, The",GMB,11300,11300,11300,11300,11300,11300,11300,11300,11300,11300,11300,11300,11300,11300,11300,11300,11300,11300,11300,11300,11300,11300,11300,11300,11300,11300,11300,11300
Georgia,GEO,69700,69700,69700,69700,69700,69700,69700,69700,69700,69700,69700,69700,69700,69700,69700,69700,69700,69700,69700,69700,69700,69700,69700,69700,69700,69700,69700,69700
Germany,DEU,356970,356970,356970,356970,356970,356970,356970,356970,356970,356970,357030,357030,357030,357030,357030,357030,357030,357030,357110,357120,357127,357140,357170,357340,357380,357380,357380,357380
Ghana,GHA,238540,238540,238540,238540,238540,238540,238540,238540,238540,238540,238540,238540,238540,238540,238540,238540,238540,238540,238540,238540,238540,238540,238540,238540,238540,238540,238540,238540
Gibraltar,GIB,10,10,10,10,10,10,10,10,10,10,10,10,10,10,10,10,10,10,10,10,10,10,10,10,10,10,10,10
Greece,GRC,131960,131960,131960,131960,131960,131960,131960,131960,131960,131960,131960,131960,131960,131960,131960,131960,131960,131960,131960,131960,131960,131960,131960,131960,131960,131960,131960,131960
Greenland,GRL,341700,341700,341700,341700,341700,341700,341700,341700,341700,341700,410450,410450,410450,410450,410450,410450,410450,410450,410450,410450,410450,410450,410450,410450,410450,410450,410450,410450
Grenada,GRD,340,340,340,340,340,340,340,340,340,340,340,340,340,340,340,340,340,340,340,340,340,340,340,340,340,340,340,340
Guam,GUM,540,540,540,540,540,540,540,540,540,540,540,540,540,540,540,540,540,540,540,540,540,540,540,540,540,540,540,540
Guatemala,GTM,108890,108890,108890,108890,108890,108890,108890,108890,108890,108890,108890,108890,108890,108890,108890,108890,108890,108890,108890,108890,108890,108890,108890,108890,108890,108890,108890,108890
Guinea,GIN,245860,245860,245860,245860,245860,245860,245860,245860,245860,245860,245860,245860,245860,245860,245860,245860,245860,245860,245860,245860,245860,245860,245860,245860,245860,245860,245860,245860
Guinea-Bissau,GNB,36130,36130,36130,36130,36130,36130,36130,36130,36130,36130,36130,36130,36130,36130,36130,36130,36130,36130,36130,36130,36130,36130,36130,36130,36130,36130,36130,36130
Guyana,GUY,214970,214970,214970,214970,214970,214970,214970,214970,214970,214970,214970,214970,214970,214970,214970,214970,214970,214970,214970,214970,214970,214970,214970,214970,214970,214970,214970,214970
Haiti,HTI,27750,27750,27750,27750,27750,27750,27750,27750,27750,27750,27750,27750,27750,27750,27750,27750,27750,27750,27750,27750,27750,27750,27750,27750,27750,27750,27750,27750
Honduras,HND,112490,112490,112490,112490,112490,112490,112490,112490,112490,112490,112490,112490,112490,112490,112490,112490,112490,112490,112490,112490,112490,112490,112490,112490,112490,112490,112490,112490
"Hong Kong SAR, China",HKG,1070,1070,1070,1070,1070,1070,1070,1070,1070,1070,1100,1100,1100,1100,1100,1100,1100,1100,1100,1100,1100,1100,1100,1100,1105,1105,1105,1105
Hungary,HUN,93030,93030,93030,93030,93030,93030,93030,93030,93030,93030,93030,93030,93030,93030,93030,93030,93030,93030,93030,93030,93030,93030,93030,93030,93030,93030,93030,93030
Iceland,ISL,103000,103000,103000,103000,103000,103000,103000,103000,103000,103000,103000,103000,103000,103000,103000,103000,103000,103000,103000,103000,103000,103000,103000,103000,103000,103000,103000,103000
India,IND,3287260,3287260,3287260,3287260,3287260,3287260,3287260,3287260,3287260,3287260,3287260,3287260,3287260,3287260,3287260,3287260,3287260,3287260,3287260,3287260,3287260,3287260,3287260,3287260,3287259,3287259,3287259,3287259
Indonesia,IDN,1910930,1910930,1910930,1910930,1910930,1910930,1910930,1910930,1910930,1910930,1910930,1910930,1910930,1910930,1910930,1910930,1910930,1910930,1910930,1910930,1910930,1910930,1910930,1910930,1910931,1910931,1910931,1910931
"Iran, Islamic Rep.",IRN,1745150,1745150,1745150,1745150,1745150,1745150,1745150,1745150,1745150,1745150,1745150,1745150,1745150,1745150,1745150,1745150,1745150,1745150,1745150,1745150,1745150,1745150,1745150,1745150,1745150,1745150,1745150,1745150
Iraq,IRQ,438320,438320,438320,438320,438320,438320,438320,438320,438320,438320,438320,438320,438320,438320,438320,438320,438320,438320,438320,435240,435240,435240,435050,435050,435050,435050,435050,435050
Ireland,IRL,70280,70280,70280,70280,70280,70280,70280,70280,70280,70280,70280,70280,70280,70280,70280,70280,70280,70280,70280,70280,70280,70280,70280,70280,70280,70280,70280,70280
Isle of Man,IMN,570,570,570,570,570,570,570,570,570,570,570,570,570,570,570,570,570,570,570,570,570,570,570,570,570,570,570,570
Israel,ISR,22070,22070,22070,22070,22070,22070,22070,22070,22070,22070,22070,22070,22070,22070,22070,22070,22070,22070,22070,22070,22070,22070,22070,22070,22070,22070,22070,22070
Italy,ITA,301340,301340,301340,301340,301340,301340,301340,301340,301340,301340,301340,301340,301340,301340,301340,301340,301340,301340,301340,301340,301340,301340,301340,301340,301340,301340,301340,301340
Jamaica,JAM,10990,10990,10990,10990,10990,10990,10990,10990,10990,10990,10990,10990,10990,10990,10990,10990,10990,10990,10990,10990,10990,10990,10990,10990,10990,10990,10990,10990
Japan,JPN,377800,377800,377800,377800,377800,377800,377800,377800,377800,377800,377800,377800,377800,377800,377800,377800,377800,377800,377940,377947,377950,377955,377960,377962,377962,377962,377962,377962
Jordan,JOR,88780,88780,88780,88780,88780,88780,88780,88780,88780,88780,88780,88780,88780,88780,88780,88780,88780,88780,88780,89320,89320,89320,89320,89320,89320,89320,89320,89320
Kazakhstan,KAZ,2724900,2724900,2724900,2724900,2724900,2724900,2724900,2724900,2724900,2724900,2724902,2724902,2724902,2724902,2724902,2724902,2724902,2724902,2724902,2724902,2724902,2724902,2724902,2724902,2724902,2724902,2724902,2724902
Kenya,KEN,580370,580370,580370,580370,580370,580370,580370,580370,580370,580370,580370,580370,580370,580370,580370,580370,580370,580370,580370,580370,580370,580370,580370,580370,580370,580370,580370,580370
Kiribati,KIR,810,810,810,810,810,810,810,810,810,810,810,810,810,810,810,810,810,810,810,810,810,810,810,810,810,810,810,810
"Korea, Dem. Peopleâ€™s Rep.",PRK,120540,120540,120540,120540,120540,120540,120540,120540,120540,120540,120540,120540,120540,120540,120540,120540,120540,120540,120540,120540,120540,120540,120540,120540,120540,120540,120540,120540
"Korea, Rep.",KOR,99260,99260,99260,99260,99260,99260,99260,99260,99260,99260,99260,99260,99260,99260,99260,99260,99260,99260,99830,99900,100030,100030,100150,100266,100280,100280,100280,100280
Kosovo,XKX,10887,10887,10887,10887,10887,10887,10887,10887,10887,10887,10887,10887,10887,10887,10887,10887,10887,10887,10887,10887,10887,10887,10887,10887,10887,10887,10887,10887
Kuwait,KWT,17820,17820,17820,17820,17820,17820,17820,17820,17820,17820,17820,17820,17820,17820,17820,17820,17820,17820,17820,17820,17820,17820,17820,17820,17820,17820,17820,17820
Kyrgyz Republic,KGZ,199950,199950,199950,199950,199950,199950,199950,199950,199950,199950,199950,199950,199950,199950,199950,199950,199950,199950,199950,199949,199949,199949,199949,199949,199949,199949,199949,199949
Lao PDR,LAO,236800,236800,236800,236800,236800,236800,236800,236800,236800,236800,236800,236800,236800,236800,236800,236800,236800,236800,236800,236800,236800,236800,236800,236800,236800,236800,236800,236800
Latvia,LVA,64559,64559,64559,64559,64559,64559,64559,64559,64559,64559,64559,64559,64559,64559,64559,64559,64559,64559,64559,64560,64510,64480,64480,64490,64490,64490,64490,64490
Lebanon,LBN,10450,10450,10450,10450,10450,10450,10450,10450,10450,10450,10450,10450,10450,10450,10450,10450,10450,10450,10450,10450,10450,10450,10450,10450,10450,10450,10450,10450
Lesotho,LSO,30360,30360,30360,30360,30360,30360,30360,30360,30360,30360,30360,30360,30360,30360,30360,30360,30360,30360,30360,30360,30360,30360,30360,30360,30360,30360,30360,30360
Liberia,LBR,111370,111370,111370,111370,111370,111370,111370,111370,111370,111370,111370,111370,111370,111370,111370,111370,111370,111370,111370,111370,111370,111370,111370,111370,111370,111370,111370,111370
Libya,LBY,1759540,1759540,1759540,1759540,1759540,1759540,1759540,1759540,1759540,1759540,1759540,1759540,1759540,1759540,1759540,1759540,1759540,1759540,1759540,1759540,1759540,1759540,1759540,1759540,1759540,1759540,1759540,1759540
Liechtenstein,LIE,160,160,160,160,160,160,160,160,160,160,160,160,160,160,160,160,160,160,160,160,160,160,160,160,160,160,160,160
Lithuania,LTU,65300,65300,65300,65300,65300,65300,65300,65300,65300,65300,65300,65300,65300,65300,65300,65300,65300,65300,65300,65300,65300,65300,65300,65300,65286,65286,65286,65286
Luxembourg,LUX,2590,2590,2590,2590,2590,2590,2590,2590,2590,2590,2590,2590,2590,2590,2590,2590,2590,2590,2590,2590,2590,2590,2590,2590,2590,2590,2590,2590
"Macao SAR, China",MAC,20,20,20,20,20,20,20,20,20,20,20,20,20,20,20,20,20,20,29.2,29.5,29.7,29.9,29.9,30.3,30.3,30.3,30.3,30.3
"Macedonia, FYR",MKD,25710,25710,25710,25710,25710,25710,25710,25710,25710,25710,25710,25710,25710,25710,25710,25710,25710,25710,25710,25710,25710,25710,25710,25710,25710,25710,25710,25710
Madagascar,MDG,587040,587040,587040,587040,587040,587040,587040,587040,587040,587040,587040,587040,587040,587040,587040,587040,587040,587040,587040,587040,587040,587295,587295,587295,587295,587295,587295,587295
Malawi,MWI,118480,118480,118480,118480,118480,118480,118480,118480,118480,118480,118480,118480,118480,118480,118480,118480,118480,118480,118480,118480,118480,118480,118480,118480,118480,118480,118480,118480
Malaysia,MYS,330800,330800,330800,330800,330800,330800,330800,330800,330800,330800,330800,330800,330800,330800,330800,330800,330800,330800,330800,330800,330800,330800,330800,330800,330800,330800,330800,330800
Maldives,MDV,300,300,300,300,300,300,300,300,300,300,300,300,300,300,300,300,300,300,300,300,300,300,300,300,300,300,300,300
Mali,MLI,1240190,1240190,1240190,1240190,1240190,1240190,1240190,1240190,1240190,1240190,1240190,1240190,1240190,1240190,1240190,1240190,1240190,1240190,1240190,1240190,1240190,1240190,1240190,1240190,1240190,1240190,1240190,1240190
Malta,MLT,320,320,320,320,320,320,320,320,320,320,320,320,320,320,320,320,320,320,320,320,320,320,320,320,320,320,320,320
Marshall Islands,MHL,180,180,180,180,180,180,180,180,180,180,180,180,180,180,180,180,180,180,180,180,180,180,180,180,180,180,180,180
Mauritania,MRT,1030700,1030700,1030700,1030700,1030700,1030700,1030700,1030700,1030700,1030700,1030700,1030700,1030700,1030700,1030700,1030700,1030700,1030700,1030700,1030700,1030700,1030700,1030700,1030700,1030700,1030700,1030700,1030700
Mauritius,MUS,2040,2040,2040,2040,2040,2040,2040,2040,2040,2040,2040,2040,2040,2040,2040,2040,2040,2040,2040,2040,2040,2040,2040,2040,2040,2040,2040,2040
Mexico,MEX,1964380,1964380,1964380,1964380,1964380,1964380,1964380,1964380,1964380,1964380,1964380,1964380,1964380,1964380,1964380,1964380,1964380,1964380,1964380,1964380,1964380,1964380,1964380,1964380,1964380,1964380,1964380,1964380
"Micronesia, Fed. Sts.",FSM,700,700,700,700,700,700,700,700,700,700,700,700,700,700,700,700,700,700,700,700,700,700,700,700,700,700,700,700
Moldova,MDA,33760,33760,33760,33760,33760,33760,33760,33760,33760,33760,33840,33840,33840,33840,33840,33840,33840,33840,33850,33850,33850,33850,33850,33850,33850,33850,33850,33850
Monaco,MCO,2,2,2,2,2,2,2,2,2,2,2,2,2,2,2,2,2,2,2,2,2,2,2,2,2,2,2,2
Mongolia,MNG,1564120,1564120,1564120,1564120,1564120,1564120,1564120,1564120,1564120,1564120,1564120,1564120,1564120,1564120,1564120,1564120,1564120,1564120,1564120,1564120,1564120,1564120,1564120,1564120,1564120,1564120,1564120,1564120
Montenegro,MNE,13810,13810,13810,13810,13810,13810,13810,13810,13810,13810,13810,13810,13810,13810,13810,13810,13810,13810,13810,13810,13810,13810,13810,13810,13810,13810,13810,13810
Morocco,MAR,446550,446550,446550,446550,446550,446550,446550,446550,446550,446550,446550,446550,446550,446550,446550,446550,446550,446550,446550,446550,446550,446550,446550,446550,446550,446550,446550,446550
Mozambique,MOZ,799380,799380,799380,799380,799380,799380,799380,799380,799380,799380,799380,799380,799380,799380,799380,799380,799380,799380,799380,799380,799380,799380,799380,799380,799380,799380,799380,799380
Myanmar,MMR,676590,676590,676590,676590,676590,676590,676590,676590,676590,676590,676590,676590,676590,676590,676590,676590,676590,676590,676590,676590,676590,676590,676590,676590,676590,676590,676590,676590
Namibia,NAM,824290,824290,824290,824290,824290,824290,824290,824290,824290,824290,824290,824290,824290,824290,824290,824290,824290,824290,824290,824290,824290,824290,824290,824290,824290,824290,824290,824290
Nauru,NRU,20,20,20,20,20,20,20,20,20,20,20,20,20,20,20,20,20,20,20,20,20,20,20,20,20,20,20,20
Nepal,NPL,147180,147180,147180,147180,147180,147180,147180,147180,147180,147180,147180,147180,147180,147180,147180,147180,147180,147180,147180,147180,147180,147180,147180,147180,147180,147180,147180,147180
Netherlands,NLD,41530,41530,41530,41530,41530,41530,41530,41530,41530,41530,41530,41530,41530,41530,41530,41530,41530,41530,41540,41540,41540,41540,41540,41540,41540,41540,41540,41540
New Caledonia,NCL,18580,18580,18580,18580,18580,18580,18580,18580,18580,18580,18580,18580,18580,18580,18580,18580,18580,18580,18580,18580,18580,18580,18580,18580,18580,18580,18580,18580
New Zealand,NZL,267710,267710,267710,267710,267710,267710,267710,267710,267710,267710,267710,267710,267710,267710,267710,267710,267710,267710,267710,267710,267710,267710,267710,267710,267710,267710,267710,267710
Nicaragua,NIC,130370,130370,130370,130370,130370,130370,130370,130370,130370,130370,130370,130370,130370,130370,130370,130370,130370,130370,130370,130370,130370,130370,130370,130370,130370,130370,130370,130370
Niger,NER,1267000,1267000,1267000,1267000,1267000,1267000,1267000,1267000,1267000,1267000,1267000,1267000,1267000,1267000,1267000,1267000,1267000,1267000,1267000,1267000,1267000,1267000,1267000,1267000,1267000,1267000,1267000,1267000
Nigeria,NGA,923770,923770,923770,923770,923770,923770,923770,923770,923770,923770,923770,923770,923770,923770,923770,923770,923770,923770,923770,923770,923770,923770,923770,923770,923770,923770,923770,923770
Northern Mariana Islands,MNP,460,460,460,460,460,460,460,460,460,460,460,460,460,460,460,460,460,460,460,460,460,460,460,460,460,460,460,460
Norway,NOR,385178,385178,385178,385178,385178,385178,385178,385178,385178,385178,385178,385178,385178,385178,385178,385178,385178,385178,385178,385178,385178,385178,385178,385178,385178,385178,385178,385178
Oman,OMN,309500,309500,309500,309500,309500,309500,309500,309500,309500,309500,309500,309500,309500,309500,309500,309500,309500,309500,309500,309500,309500,309500,309500,309500,309500,309500,309500,309500
Pakistan,PAK,796100,796100,796100,796100,796100,796100,796100,796100,796100,796100,796100,796100,796100,796100,796100,796100,796100,796100,796100,796100,796100,796100,796100,796100,796100,796100,796100,796100
Palau,PLW,460,460,460,460,460,460,460,460,460,460,460,460,460,460,460,460,460,460,460,460,460,460,460,460,460,460,460,460
Panama,PAN,75420,75420,75420,75420,75420,75420,75420,75420,75420,75420,75420,75420,75420,75420,75420,75420,75420,75420,75420,75420,75420,75420,75420,75420,75420,75420,75420,75420
Papua New Guinea,PNG,462840,462840,462840,462840,462840,462840,462840,462840,462840,462840,462840,462840,462840,462840,462840,462840,462840,462840,462840,462840,462840,462840,462840,462840,462840,462840,462840,462840
Paraguay,PRY,406750,406750,406750,406750,406750,406750,406750,406750,406750,406750,406750,406750,406750,406750,406750,406750,406750,406750,406750,406750,406752,406752,406752,406752,406752,406752,406752,406752
Peru,PER,1285220,1285220,1285220,1285220,1285220,1285220,1285220,1285220,1285220,1285220,1285220,1285220,1285220,1285220,1285220,1285220,1285220,1285220,1285220,1285220,1285220,1285220,1285220,1285220,1285220,1285220,1285220,1285220
Philippines,PHL,300000,300000,300000,300000,300000,300000,300000,300000,300000,300000,300000,300000,300000,300000,300000,300000,300000,300000,300000,300000,300000,300000,300000,300000,300000,300000,300000,300000
Poland,POL,312690,312690,312690,312690,312690,312690,312690,312690,312690,312690,312690,312690,312690,312690,312690,312690,312690,312690,312680,312680,312680,312680,312680,312680,312680,312680,312680,312680
Portugal,PRT,92120,92120,92120,92120,92120,92120,92120,92120,92120,92120,92120,92120,92120,92120,92120,92120,92120,92120,92090,92210,92210,92210,92210,92220,92225,92225,92225,92225
Puerto Rico,PRI,8870,8870,8870,8870,8870,8870,8870,8870,8870,8870,8870,8870,8870,8870,8870,8870,8870,8870,8870,8870,8870,8870,8870,8870,8870,8870,8870,8870
Qatar,QAT,11610,11610,11610,11610,11610,11610,11610,11610,11610,11610,11610,11610,11610,11610,11610,11610,11610,11610,11610,11610,11610,11610,11610,11610,11610,11610,11610,11610
Romania,ROU,238390,238390,238390,238390,238390,238390,238390,238390,238390,238390,238390,238390,238390,238390,238390,238390,238390,238390,238390,238390,238390,238390,238390,238390,238390,238390,238390,238390
Russian Federation,RUS,17098240,17098240,17098240,17098240,17098240,17098240,17098240,17098240,17098240,17098240,17098240,17098240,17098240,17098240,17098240,17098240,17098240,17098240,17098240,17098240,17098250,17098250,17098250,17098250,17098250,17098250,17098250,17098250
Rwanda,RWA,26340,26340,26340,26340,26340,26340,26340,26340,26340,26340,26340,26340,26340,26340,26340,26340,26340,26340,26340,26340,26340,26340,26340,26340,26340,26340,26340,26340
Samoa,WSM,2840,2840,2840,2840,2840,2840,2840,2840,2840,2840,2840,2840,2840,2840,2840,2840,2840,2840,2840,2840,2840,2840,2840,2840,2840,2840,2840,2840
San Marino,SMR,60,60,60,60,60,60,60,60,60,60,60,60,60,60,60,60,60,60,60,60,60,60,60,60,60,60,60,60
Sao Tome and Principe,STP,960,960,960,960,960,960,960,960,960,960,960,960,960,960,960,960,960,960,960,960,960,960,960,960,960,960,960,960
Saudi Arabia,SAU,2149690,2149690,2149690,2149690,2149690,2149690,2149690,2149690,2149690,2149690,2149690,2149690,2149690,2149690,2149690,2149690,2149690,2149690,2149690,2149690,2149690,2149690,2149690,2149690,2149690,2149690,2149690,2149690
Senegal,SEN,196710,196710,196710,196710,196710,196710,196710,196710,196710,196710,196710,196710,196710,196710,196710,196710,196710,196710,196710,196710,196710,196710,196710,196710,196710,196710,196710,196710
Serbia,SRB,88360,88360,88360,88360,88360,88360,88360,88360,88360,88360,88360,88360,88360,88360,88360,88360,88360,88360,88360,88360,88360,88360,88360,88360,88360,88360,88360,88360
Seychelles,SYC,460,460,460,460,460,460,460,460,460,460,460,460,460,460,460,460,460,460,460,460,460,460,460,460,460,460,460,460
Sierra Leone,SLE,72300,72300,72300,72300,72300,72300,72300,72300,72300,72300,72300,72300,72300,72300,72300,72300,72300,72300,72300,72300,72300,72300,72300,72300,72300,72300,72300,72300
Singapore,SGP,680,680,680,680,680,680,680,680,680,680,680,680,680,680,680,680,680,680,710,710,712,714,716,717,719,719,719,719
Sint Maarten (Dutch part),SXM,34,34,34,34,34,34,34,34,34,34,34,34,34,34,34,34,34,34,34,34,34,34,34,34,34,34,34,34
Slovak Republic,SVK,49030,49030,49030,49030,49030,49030,49030,49030,49030,49030,49030,49030,49030,49030,49030,49030,49030,49030,49035,49040,49037,49036,49036,49036,49035,49035,49035,49035
Slovenia,SVN,20270,20270,20270,20270,20270,20270,20270,20270,20270,20270,20270,20270,20270,20270,20270,20270,20270,20270,20270,20270,20270,20270,20270,20270,20270,20270,20270,20270
Solomon Islands,SLB,28900,28900,28900,28900,28900,28900,28900,28900,28900,28900,28900,28900,28900,28900,28900,28900,28900,28900,28900,28900,28900,28900,28900,28900,28900,28900,28900,28900
Somalia,SOM,637660,637660,637660,637660,637660,637660,637660,637660,637660,637660,637660,637660,637660,637660,637660,637660,637660,637660,637660,637660,637660,637660,637660,637660,637660,637660,637660,637660
South Africa,ZAF,1219090,1219090,1219090,1219090,1219090,1219090,1219090,1219090,1219090,1219090,1219090,1219090,1219090,1219090,1219090,1219090,1219090,1219090,1219090,1219090,1219090,1219090,1219090,1219090,1219090,1219090,1219090,1219090
South Sudan,SSD,644330,644330,644330,644330,644330,644330,644330,644330,644330,644330,644330,644330,644330,644330,644330,644330,644330,644330,644330,644330,644330,644330,644330,644330,644330,644330,644330,644330
Spain,ESP,505990,505990,505990,505990,505990,505990,505990,505990,505990,505990,505000,505000,505000,505000,505000,505000,505000,505000,505370,505370,505600,505600,505940,505940,505940,505940,505940,505940
Sri Lanka,LKA,65610,65610,65610,65610,65610,65610,65610,65610,65610,65610,65610,65610,65610,65610,65610,65610,65610,65610,65610,65610,65610,65610,65610,65610,65610,65610,65610,65610
St. Kitts and Nevis,KNA,260,260,260,260,260,260,260,260,260,260,260,260,260,260,260,260,260,260,260,260,260,260,260,260,260,260,260,260
St. Lucia,LCA,620,620,620,620,620,620,620,620,620,620,620,620,620,620,620,620,620,620,620,620,620,620,620,620,620,620,620,620
St. Martin (French part),MAF,54.4,54.4,54.4,54.4,54.4,54.4,54.4,54.4,54.4,54.4,54.4,54.4,54.4,54.4,54.4,54.4,54.4,54.4,54.4,54.4,54.4,54.4,54.4,54.4,54.4,54.4,54.4,54.4
St. Vincent and the Grenadines,VCT,390,390,390,390,390,390,390,390,390,390,390,390,390,390,390,390,390,390,390,390,390,390,390,390,390,390,390,390
Sudan,SDN,2505810,2505810,2505810,2505810,2505810,2505810,2505810,2505810,2505810,2505810,2505810,2505810,2505810,2505810,2505810,2505810,2505810,2505810,2505810,2505810,2505810,1879357.5,1879357.5,1879357.5,1879357.5,1879357.5,1879357.5,1879357.5
Suriname,SUR,163820,163820,163820,163820,163820,163820,163820,163820,163820,163820,163820,163820,163820,163820,163820,163820,163820,163820,163820,163820,163820,163820,163820,163820,163820,163820,163820,163820
Sweden,SWE,450300,450300,450300,450300,450300,450300,450300,450300,450300,450300,450300,450300,450300,450300,450300,450300,450300,450300,450300,450300,450300,450300,447420,447420,447420,447420,447420,447420
Switzerland,CHE,41290,41290,41290,41290,41290,41290,41290,41290,41290,41290,41290,41290,41290,41290,41290,41290,41290,41290,41290,41290,41290,41290,41290,41290,41290,41290,41290,41290
Syrian Arab Republic,SYR,185180,185180,185180,185180,185180,185180,185180,185180,185180,185180,185180,185180,185180,185180,185180,185180,185180,185180,185180,185180,185180,185180,185180,185180,185180,185180,185180,185180
Tajikistan,TJK,142550,142550,142550,142550,142550,142550,142550,142550,142550,142550,142550,142550,142550,142550,142550,142550,142550,142550,142550,142550,142550,142550,142550,142550,141376,141376,141376,141376
Tanzania,TZA,947300,947300,947300,947300,947300,947300,947300,947300,947300,947300,947300,947300,947300,947300,947300,947300,947300,947300,947300,947300,947300,947300,947300,947300,947300,947300,947300,947300
Thailand,THA,513120,513120,513120,513120,513120,513120,513120,513120,513120,513120,513120,513120,513120,513120,513120,513120,513120,513120,513120,513120,513120,513120,513120,513120,513120,513120,513120,513120
Timor-Leste,TLS,14870,14870,14870,14870,14870,14870,14870,14870,14870,14870,14870,14870,14870,14870,14870,14870,14870,14870,14870,14870,14870,14870,14870,14870,14870,14870,14870,14870
Togo,TGO,56790,56790,56790,56790,56790,56790,56790,56790,56790,56790,56790,56790,56790,56790,56790,56790,56790,56790,56790,56790,56790,56790,56790,56790,56790,56790,56790,56790
Tonga,TON,750,750,750,750,750,750,750,750,750,750,750,750,750,750,750,750,750,750,750,750,750,750,750,750,750,750,750,750
Trinidad and Tobago,TTO,5130,5130,5130,5130,5130,5130,5130,5130,5130,5130,5130,5130,5130,5130,5130,5130,5130,5130,5130,5130,5130,5130,5130,5130,5130,5130,5130,5130
Tunisia,TUN,163610,163610,163610,163610,163610,163610,163610,163610,163610,163610,163610,163610,163610,163610,163610,163610,163610,163610,163610,163610,163610,163610,163610,163610,163610,163610,163610,163610
Turkey,TUR,785350,785350,785350,785350,785350,785350,785350,785350,785350,785350,785350,785350,785350,785350,785350,785350,785350,785350,785350,785350,785350,785350,785350,785350,785350,785350,785350,785350
Turkmenistan,TKM,488100,488100,488100,488100,488100,488100,488100,488100,488100,488100,488100,488100,488100,488100,488100,488100,488100,488100,488100,488100,488100,488100,488100,488100,488100,488100,488100,488100
Turks and Caicos Islands,TCA,950,950,950,950,950,950,950,950,950,950,950,950,950,950,950,950,950,950,950,950,950,950,950,950,950,950,950,950
Tuvalu,TUV,30,30,30,30,30,30,30,30,30,30,30,30,30,30,30,30,30,30,30,30,30,30,30,30,30,30,30,30
Uganda,UGA,241550,241550,241550,241550,241550,241550,241550,241550,241550,241550,241550,241550,241550,241550,241550,241550,241550,241550,241550,241550,241550,241550,241550,241550,241550,241550,241550,241550
Ukraine,UKR,603560,603560,603560,603560,603560,603560,603560,603560,603560,603560,603550,603550,603550,603550,603550,603550,603550,603550,603550,603550,603550,603550,603550,603550,603550,603550,603550,603550
United Arab Emirates,ARE,83600,83600,83600,83600,83600,83600,83600,83600,83600,83600,83600,83600,83600,83600,83600,83600,83600,83600,83600,83600,83600,83600,83600,83600,83600,83600,83600,83600
United Kingdom,GBR,243610,243610,243610,243610,243610,243610,243610,243610,243610,243610,243610,243610,243610,243610,243610,243610,243610,243610,243610,243610,243610,243610,243610,243610,243610,243610,243610,243610
United States,USA,9629090,9629090,9629090,9629090,9629090,9629090,9629090,9629090,9629090,9629090,9632030,9632030,9632030,9632030,9632030,9632030,9632030,9632030,9831510,9831510,9831510,9831510,9831510,9831510,9831510,9831510,9831510,9831510
Uruguay,URY,176220,176220,176220,176220,176220,176220,176220,176220,176220,176220,176220,176220,176220,176220,176220,176220,176220,176220,176220,176220,176220,176220,176220,176220,176220,176220,176220,176220
Uzbekistan,UZB,447400,447400,447400,447400,447400,447400,447400,447400,447400,447400,447400,447400,447400,447400,447400,447400,447400,447400,447400,447400,447400,447400,447400,447400,447400,447400,447400,447400
Vanuatu,VUT,12190,12190,12190,12190,12190,12190,12190,12190,12190,12190,12190,12190,12190,12190,12190,12190,12190,12190,12190,12190,12190,12190,12190,12190,12190,12190,12190,12190
"Venezuela, RB",VEN,912050,912050,912050,912050,912050,912050,912050,912050,912050,912050,912050,912050,912050,912050,912050,912050,912050,912050,912050,912050,912050,912050,912050,912050,912050,912050,912050,912050
Vietnam,VNM,331030,331030,331030,331030,331030,331030,331030,331030,331030,331030,329240,329240,329240,329240,329240,329240,329240,329240,331051,331051,330954,330957,330971,330972,330967,330967,330967,330967
Virgin Islands (U.S.),VIR,350,350,350,350,350,350,350,350,350,350,350,350,350,350,350,350,350,350,350,350,350,350,350,350,350,350,350,350
West Bank and Gaza,PSE,6020,6020,6020,6020,6020,6020,6020,6020,6020,6020,6020,6020,6020,6020,6020,6020,6020,6020,6020,6020,6020,6020,6020,6020,6020,6020,6020,6020
"Yemen, Rep.",YEM,527970,527970,527970,527970,527970,527970,527970,527970,527970,527970,527970,527970,527970,527970,527970,527970,527970,527970,527970,527970,527970,527970,527970,527970,527970,527970,527970,527970
Zambia,ZMB,752610,752610,752610,752610,752610,752610,752610,752610,752610,752610,752610,752610,752610,752610,752610,752610,752610,752610,752610,752610,752610,752610,752610,752610,752610,752610,752610,752610
Zimbabwe,ZWE,390760,390760,390760,390760,390760,390760,390760,390760,390760,390760,390760,390760,390760,390760,390760,390760,390760,390760,390760,390760,390760,390760,390760,390760,390760,390760,390760,390760
Arab World,ARB,13781751,13781751,13781751,13781751,13781751,13781751,13781751,13781751,13781751,13781751,13781771,13781771,13781771,13781771,13781771,13781771,13781771,13781771,13781821,13779281,13779283,13152835.5,13152648.5,13152648.5,13152649.5,13152649.5,13152649.5,13152649.5
Caribbean small states,CSS,434990,434990,434990,434990,434990,434990,434990,434990,434990,434990,434990,434990,434990,434990,434990,434990,434990,434990,434990,434990,434990,434990,434990,434990,434990,434990,434990,434990
Central Europe and the Baltics,CEB,1134899,1134899,1134899,1134899,1134899,1134899,1134899,1134899,1134899,1134899,1134899,1134899,1134899,1134899,1134899,1134899,1134899,1134899,1134954,1134960,1134907,1134876,1134876,1134886,1134871,1134871,1134871,1134871
Early-demographic dividend,EAR,34259640,34259640,34259640,34259640,34259640,34259640,34259640,34259640,34259640,34259640,34108647,34108647,34108647,34108647,34108647,34108647,34108647,34108647,34107014,34107554,34107558,34107563,34107566,34107566,34105563,34105563,34105563,34105563
East Asia & Pacific,EAS,24822250,24822250,24822250,24822250,24822250,24822250,24822250,24822250,24822250,24822250,24822260,24822260,24822260,24822260,24822260,24822260,24822260,24822260,24824811,24824888.5,24824926.7,24824936.9,24825077.9,24825198.3,24825215.3,24825215.3,24825215.3,24825215.3
East Asia & Pacific (excluding high income),EAP,16269640,16269640,16269640,16269640,16269640,16269640,16269640,16269640,16269640,16269640,16268700,16268700,16268700,16268700,16268700,16268700,16268700,16268700,16270501.8,16270502,16270405,16270408,16270422,16270423,16270419,16270419,16270419,16270419
East Asia & Pacific (IDA & IBRD countries),TEA,16148900,16148900,16148900,16148900,16148900,16148900,16148900,16148900,16148900,16148900,16148420,16148420,16148420,16148420,16148420,16148420,16148420,16148420,16150221.8,16150222,16150125,16150128,16150142,16150143,16150139,16150139,16150139,16150139
Euro area,EMU,2725264,2725264,2725264,2725264,2725264,2725264,2725264,2725264,2725264,2725264,2757455,2757455,2757455,2757455,2757455,2757455,2757455,2757455,2758160,2758296,2758480,2758462,2758832,2759022,2759052,2759052,2759052,2759052
Europe & Central Asia,ECS,28362657,28362657,28362657,28362657,28362657,28362657,28362657,28362657,28362657,28362657,28463670,28463670,28463670,28463670,28463670,28463670,28463670,28463670,28464435,28464570,28464764,28464746,28462036,28462252,28461114,28461114,28461114,28461114
Europe & Central Asia (excluding high income),ECA,23485557,23485557,23485557,23485557,23485557,23485557,23485557,23485557,23485557,23485557,23485629,23485629,23485629,23485629,23485629,23485629,23485629,23485629,23485649,23485648,23485658,23485658,23485658,23485658,23484484,23484484,23484484,23484484
Europe & Central Asia (IDA & IBRD countries),TEC,23854787,23854787,23854787,23854787,23854787,23854787,23854787,23854787,23854787,23854787,23854859,23854859,23854859,23854859,23854859,23854859,23854859,23854859,23854919,23854918,23854928,23854928,23854928,23854928,23853754,23853754,23853754,23853754
European Union,EUU,4352774,4352774,4352774,4352774,4352774,4352774,4352774,4352774,4352774,4352774,4384965,4384965,4384965,4384965,4384965,4384965,4384965,4384965,4385720,4385856,4386040,4386022,4383312,4383528,4383564,4383564,4383564,4383564
Fragile and conflict affected situations,FCS,15561598,15561598,15561598,15561598,15561598,15561598,15561598,15561598,15561598,15561598,15680078,15680078,15680078,15680078,15680078,15680078,15680078,15680078,15680078,15676998,15676998,15694875.5,15694685.5,15694685.5,15694685.5,15694685.5,15694685.5,15694685.5
Heavily indebted poor countries (HIPC),HPC,20393351,20393351,20393351,20393351,20393351,20393351,20393351,20393351,20393351,20393351,20393351,20393351,20393351,20393351,20393351,20393351,20393351,20393351,20393351,20393351,20393351,19767153.5,19767153.5,19767153.5,19767153.5,19767153.5,19767153.5,19767153.5
High income,HIC,39458852.4,39458852.4,39458852.4,39458852.4,39458852.4,39458852.4,39458852.4,39458852.4,39458852.4,39458852.4,39563703.4,39563703.4,39563703.4,39563703.4,39563703.4,39563703.4,39563703.4,39563703.4,39764727.6,39764940.9,39765262.1,39765256.3,39762676.3,39763011.7,39763069.7,39763069.7,39763069.7,39763069.7
IBRD only,IBD,71392716,71392716,71392716,71392716,71392716,71392716,71392716,71392716,71392716,71392716,71364158,71364158,71364158,71364158,71364158,71364158,71364158,71364158,71366009.8,71363470,71363385,71363388,71363210,71363212,71363207,71363207,71363207,71363207
IDA & IBRD total,IBT,98510594,98510594,98510594,98510594,98510594,98510594,98510594,98510594,98510594,98510594,98476073,98476073,98476073,98476073,98476073,98476073,98476073,98476073,98476251.8,98473711,98473626,98491761.5,98491583.5,98491585.5,98489576.5,98489576.5,98489576.5,98489576.5
IDA blend,IDB,6037560,6037560,6037560,6037560,6037560,6037560,6037560,6037560,6037560,6037560,6037640,6037640,6037640,6037640,6037640,6037640,6037640,6037640,6037650,6037650,6037650,6037650,6037650,6037650,6037650,6037650,6037650,6037650
IDA only,IDX,21080318,21080318,21080318,21080318,21080318,21080318,21080318,21080318,21080318,21080318,21074275,21074275,21074275,21074275,21074275,21074275,21074275,21074275,21072592,21072591,21072591,21090723.5,21090723.5,21090723.5,21088719.5,21088719.5,21088719.5,21088719.5
IDA total,IDA,27117878,27117878,27117878,27117878,27117878,27117878,27117878,27117878,27117878,27117878,27111915,27111915,27111915,27111915,27111915,27111915,27111915,27111915,27110242,27110241,27110241,27128373.5,27128373.5,27128373.5,27126369.5,27126369.5,27126369.5,27126369.5
Late-demographic dividend,LTE,45769235,45769235,45769235,45769235,45769235,45769235,45769235,45769235,45769235,45769235,45767497,45767497,45767497,45767497,45767497,45767497,45767497,45767497,45769303.8,45769309,45769169,45769141,45769153,45769165,45769159,45769159,45769159,45769159
Latin America & Caribbean,LCN,20452682.4,20452682.4,20452682.4,20452682.4,20452682.4,20452682.4,20452682.4,20452682.4,20452682.4,20452682.4,20425492.4,20425492.4,20425492.4,20425492.4,20425492.4,20425492.4,20425492.4,20425492.4,20425492.4,20425492.4,20425484.4,20425484.4,20425482.4,20425483.4,20425483.4,20425483.4,20425483.4,20425483.4
Latin America & Caribbean (excluding high income),LAC,16633110,16633110,16633110,16633110,16633110,16633110,16633110,16633110,16633110,16633110,16605920,16605920,16605920,16605920,16605920,16605920,16605920,16605920,16605920,16605920,16605912,16605912,16605910,16605911,16605911,16605911,16605911,16605911
Latin America & the Caribbean (IDA & IBRD countries),TLA,20317186,20317186,20317186,20317186,20317186,20317186,20317186,20317186,20317186,20317186,20289996,20289996,20289996,20289996,20289996,20289996,20289996,20289996,20289996,20289996,20289998,20289998,20289996,20289997,20289997,20289997,20289997,20289997
Least developed countries: UN classification,LDC,20780601,20780601,20780601,20780601,20780601,20780601,20780601,20780601,20780601,20780601,20773678,20773678,20773678,20773678,20773678,20773678,20773678,20773678,20771995,20771995,20771995,20790127.5,20790127.5,20790127.5,20789297.5,20789297.5,20789297.5,20789297.5
Low & middle income,LMY,94583588,94583588,94583588,94583588,94583588,94583588,94583588,94583588,94583588,94583588,94548607,94548607,94548607,94548607,94548607,94548607,94548607,94548607,94548745.8,94546205,94546110,94564245.5,94564067.5,94564069.5,94562060.5,94562060.5,94562060.5,94562060.5
Low income,LIC,14682601,14682601,14682601,14682601,14682601,14682601,14682601,14682601,14682601,14682601,14682601,14682601,14682601,14682601,14682601,14682601,14682601,14682601,14682601,14682601,14682601,15327186,15327186,15327186,15326012,15326012,15326012,15326012
Lower middle income,LMC,22904227,22904227,22904227,22904227,22904227,22904227,22904227,22904227,22904227,22904227,22896284,22896284,22896284,22896284,22896284,22896284,22896284,22896284,22896422,22896421,22896324,22269874.5,22269888.5,22269889.5,22269054.5,22269054.5,22269054.5,22269054.5
Middle East & North Africa,MEA,11373260,11373260,11373260,11373260,11373260,11373260,11373260,11373260,11373260,11373260,11373280,11373280,11373280,11373280,11373280,11373280,11373280,11373280,11373330,11370790,11370792,11370797,11370610,11370610,11370611,11370611,11370611,11370611
Middle East & North Africa (excluding high income),MNA,8777960,8777960,8777960,8777960,8777960,8777960,8777960,8777960,8777960,8777960,8777960,8777960,8777960,8777960,8777960,8777960,8777960,8777960,8777960,8775420,8775420,8775420,8775230,8775230,8775230,8775230,8775230,8775230
Middle East & North Africa (IDA & IBRD countries),TMN,8771940,8771940,8771940,8771940,8771940,8771940,8771940,8771940,8771940,8771940,8771940,8771940,8771940,8771940,8771940,8771940,8771940,8771940,8771940,8769400,8769400,8769400,8769210,8769210,8769210,8769210,8769210,8769210
Middle income,MIC,79900987,79900987,79900987,79900987,79900987,79900987,79900987,79900987,79900987,79900987,79866006,79866006,79866006,79866006,79866006,79866006,79866006,79866006,79866144.8,79863604,79863509,79237059.5,79236881.5,79236883.5,79236048.5,79236048.5,79236048.5,79236048.5
North America,NAC,19613810,19613810,19613810,19613810,19613810,19613810,19613810,19613810,19613810,19613810,19616750,19616750,19616750,19616750,19616750,19616750,19616750,19616750,19816230,19816230,19816230,19816230,19816230,19816230,19816230,19816230,19816230,19816230
Not classified,INX,..,..,..,..,..,..,..,..,..,..,..,..,..,..,..,..,..,..,..,..,..,..,..,..,..,..,..,..
OECD members,OED,36029098,36029098,36029098,36029098,36029098,36029098,36029098,36029098,36029098,36029098,36064229,36064229,36064229,36064229,36064229,36064229,36064229,36064229,36265114,36265327,36265644,36265631,36263046,36263380,36263444,36263444,36263444,36263444
Other small states,OSS,2081351,2081351,2081351,2081351,2081351,2081351,2081351,2081351,2081351,2081351,2074448,2074448,2074448,2074448,2074448,2074448,2074448,2074448,2072815,2072815,2072817,2072822,2072825,2072825,2072826,2072826,2072826,2072826
Pacific island small states,PSS,63810,63810,63810,63810,63810,63810,63810,63810,63810,63810,65150,65150,65150,65150,65150,65150,65150,65150,65150,65150,65150,65150,65150,65150,65150,65150,65150,65150
Post-demographic dividend,PST,33064463,33064463,33064463,33064463,33064463,33064463,33064463,33064463,33064463,33064463,33099614,33099614,33099614,33099614,33099614,33099614,33099614,33099614,33300603.2,33300810.5,33301172.7,33301192.9,33298609.9,33298935.3,33298993.3,33298993.3,33298993.3,33298993.3
Pre-demographic dividend,PRE,20553531,20553531,20553531,20553531,20553531,20553531,20553531,20553531,20553531,20553531,20671131,20671131,20671131,20671131,20671131,20671131,20671131,20671131,20671131,20668051,20668051,20686183.5,20685993.5,20685993.5,20685993.5,20685993.5,20685993.5,20685993.5
Small states,SST,2580151,2580151,2580151,2580151,2580151,2580151,2580151,2580151,2580151,2580151,2574588,2574588,2574588,2574588,2574588,2574588,2574588,2574588,2572955,2572955,2572957,2572962,2572965,2572965,2572966,2572966,2572966,2572966
South Asia,SAS,5144770,5144770,5144770,5144770,5144770,5144770,5144770,5144770,5144770,5144770,5137847,5137847,5137847,5137847,5137847,5137847,5137847,5137847,5136164,5136164,5136164,5136164,5136164,5136164,5135333,5135333,5135333,5135333
South Asia (IDA & IBRD),TSA,5144770,5144770,5144770,5144770,5144770,5144770,5144770,5144770,5144770,5144770,5137847,5137847,5137847,5137847,5137847,5137847,5137847,5137847,5136164,5136164,5136164,5136164,5136164,5136164,5135333,5135333,5135333,5135333
Sub-Saharan Africa,SSF,24273011,24273011,24273011,24273011,24273011,24273011,24273011,24273011,24273011,24273011,24273011,24273011,24273011,24273011,24273011,24273011,24273011,24273011,24273011,24273011,24273011,24291143.5,24291143.5,24291143.5,24291143.5,24291143.5,24291143.5,24291143.5
Sub-Saharan Africa (excluding high income),SSA,24272551,24272551,24272551,24272551,24272551,24272551,24272551,24272551,24272551,24272551,24272551,24272551,24272551,24272551,24272551,24272551,24272551,24272551,24272551,24272551,24272551,24290683.5,24290683.5,24290683.5,24290683.5,24290683.5,24290683.5,24290683.5
Sub-Saharan Africa (IDA & IBRD countries),TSS,24273011,24273011,24273011,24273011,24273011,24273011,24273011,24273011,24273011,24273011,24273011,24273011,24273011,24273011,24273011,24273011,24273011,24273011,24273011,24273011,24273011,24291143.5,24291143.5,24291143.5,24291143.5,24291143.5,24291143.5,24291143.5
Upper middle income,UMC,56996760,56996760,56996760,56996760,56996760,56996760,56996760,56996760,56996760,56996760,56969722,56969722,56969722,56969722,56969722,56969722,56969722,56969722,56969722.8,56967183,56967185,56967185,56966993,56966994,56966994,56966994,56966994,56966994
World,WLD,134042440.4,134042440.4,134042440.4,134042440.4,134042440.4,134042440.4,134042440.4,134042440.4,134042440.4,134042440.4,134112310.4,134112310.4,134112310.4,134112310.4,134112310.4,134112310.4,134112310.4,134112310.4,134313473.4,134311145.9,134311372.1,134329501.8,134326743.8,134327081.2,134325130.2,134325130.2,134325130.2,134325130.2
