Country Name,Country Code,1986,1987,1988,1989,1990,1991,1992,1993,1994,1995,1996,1997,1998,1999,2000,2001,2002,2003,2004,2005,2006,2007,2008,2009,2010,2011,2012,2013,2014
Aruba,ABW,,,,,0,,,,,,2.768382663,2.768382663,2.768382663,4.506179098,15.44282295,17.1,18.8,20.8,23,25.4,28,30.9,52,58,62,69,74,78.9,83.78
Andorra,AND,,,,,0,,,,,,1.526601023,3.050175385,6.886209218,7.635686143,10.53883561,10.53883561,11.26046872,13.54641288,26.83795439,37.60576622,48.936847,70.87,70.04,78.53,81,81,86.43442462,94,95.9
Afghanistan,AFG,,,,,0,,,,,,,,,,,0.004722568242,0.00456139517,0.08789125286,0.10580903,1.224148084,2.107123645,1.9,1.84,3.55,4,5,5.454545455,5.9,6.39
Angola,AGO,,,,,0,,,,,,0.0007759285246,0.005673745989,0.01845372408,0.07196408704,0.1050455625,0.1360138674,0.2703767456,0.3706820652,0.464814618,1.143366827,1.907647507,3.2,4.6,6,10,14.776,16.93721011,19.1,21.26
Albania,ALB,,,,,0,,,,,0.01116869549,0.03219682823,0.04859391876,0.06502737002,0.0814370446,0.1140973466,0.3257983771,0.3900812734,0.9719004152,2.420387798,6.043890864,9.609991316,15.03611541,23.86,41.2,45,49,54.65595904,57.2,60.1
Arab World,ARB,,,,,0,,,,,0.01702504938,0.03776068843,0.1310455767,0.2616151151,0.5985821496,1.139541123,1.56128817,2.693061013,3.645880783,7.006812461,8.393141725,11.65464791,14.20590224,18.59353118,21.5453539,24.5357799,26.53401309,29.95430206,32.34204501,34.51737473
United Arab Emirates,ARE,,,,,0,,,,,0.1029391746,0.3753935343,3.295592694,6.908302986,14.94269899,23.62530088,26.2717542,28.31648531,29.47795341,30.13129617,40,52,61,63,64,68,78,84.9999915,88,90.4
Argentina,ARG,,,,,0,,0.002992874146,0.02952706529,0.04370595114,0.08627708097,0.1419547044,0.2803398818,0.8307666797,3.284481956,7.038683086,9.780807285,10.88212438,11.91369655,16.03668411,17.72058337,20.9272021,25.94663294,28.11262348,34,45,51,55.8,59.9,64.7
Armenia,ARM,,,,,0,,,,0.009117014141,0.05274312331,0.09457290247,0.1116509345,0.1286594776,0.9707377575,1.300470022,1.631094667,1.960405046,4.575217225,4.899008571,5.252983352,5.631787777,6.021253397,6.21,15.3,25,32,37.5,41.9,46.3
American Samoa,ASM,,,,,0,,,,,,,,,,,,,,,,,,,,,,,,
Antigua and Barbuda,ATG,,,,,0,,,,,2.200768802,2.858449577,3.480536838,4.0717165,5.300681138,6.482225737,8.899285515,12.5,17.22864878,24.26654372,27,30,34,38,42,47,52,58,63.4,64
Australia,AUS,,,,,0.5850947122,1.097203891,1.768764913,1.974611016,2.232101254,2.759654513,3.27524987,16.36935838,30.81323944,40.7837839,46.75611561,52.68926643,52.68926643,52.68926643,52.68926643,63,66,69.45,71.67,74.25,76,79.48769771,79,83,84.56
Austria,AUT,,,,,0.1303693769,0.2590815533,0.6428176188,0.76534273,1.393422968,1.890210524,6.909162353,9.533974317,15.42121932,23.0443171,33.73013295,39.18545018,36.56,42.7,54.28,58,63.6,69.37,72.87,73.45,75.17,78.7399931,80.02999392,80.6188,81
Azerbaijan,AZE,,,,,0,,,,0.001431415298,0.002055555763,0.006354584547,0.02518793347,0.03748510904,0.09922894151,0.1477575756,0.3055646376,4.999713678,4.999713678,4.999713678,8.030375356,11.99217733,14.54,17.08,27.4,46,50,54.2,58.7,61
Burundi,BDI,0,0,0,0,0,0,0,0,0,0,0.0008035921211,0.007979438583,0.01584277629,0.03920446918,0.07724844738,0.1060012454,0.1182284123,0.2012731967,0.3490604619,0.5421428658,0.6575925904,0.7,0.81,0.9,1,1.11,1.219999945,1.3,1.38
Belgium,BEL,,,,,0.001006739618,0.02007264491,0.1000410268,0.1994460585,0.6959946898,0.9916629901,2.968411647,4.93808091,7.886622701,13.77221446,29.43169169,31.28839551,46.33,49.97,53.86,55.82,59.72,64.44,66,70,75,81.609996,80.71999055,82.1702,85
Benin,BEN,,,,,0,,,,,,0.001693100193,0.02464879574,0.04787730388,0.1549067407,0.2252478515,0.36341789,0.7029455951,0.9513271149,1.182540965,1.271031439,1.537854346,1.79,1.85,2.24,3.13,4.148323066,4.5,4.9,5.3
Burkina Faso,BFA,,,,,0,,,,,,0.0009605185571,0.01868635311,0.04542348405,0.06178029269,0.07708016894,0.1577324647,0.2009925979,0.3734403032,0.4002952855,0.4699144887,0.6327075645,0.75,0.92,1.13,2.4,3,3.725034916,9.1,9.4
Bangladesh,BGD,,,,,0,,,,,,,0.0007510458294,0.003684812625,0.03617040747,0.07103942305,0.1298079739,0.1399202885,0.1638776655,0.1990363337,0.2416373256,1,1.8,2.5,3.1,3.7,4.5,5,6.63,9.6
Bulgaria,BGR,,,,,0,,,0.002339042312,0.01952666881,0.1196655491,0.7252511666,1.219813132,1.844965121,2.908154025,5.370923469,7.612297749,9.08,12.04,18.13,19.97,27.09,33.64,39.67,45,46.23,47.97999305,51.89998767,53.0615,55.49
Bahrain,BHR,,,,,0,,,,,0.3462058436,0.8432542192,1.646299202,3.218202151,4.720358118,6.153732546,15.03863425,18.05072089,21.55494499,21.45868051,21.30373351,28.24395243,32.91,51.95,53,55,76.9999665,88,90.0000397,90.99998
Bahamas The,BHS,,,,,0,,,,,0.960030721,1.746950698,1.362953903,2.33559071,3.764557822,8,11.8,18,20,22,25,26,27,31.54,33.88,43,65,71.74820281,72,76.92
Bosnia and Herzegovina,BIH,,,,,0,,,,,,0.01512556335,0.0594255628,0.1436710599,0.1943741998,1.08296075,1.200526951,2.648267914,3.965036834,15.46897162,21.326701,25.12238569,27.92,34.66,37.74,42.75,47.77,52.78,57.79,60.8
Belarus,BLR,,,,,0,,,,0.0004859508688,0.002921254375,0.02929829414,0.04902089104,0.07386889728,0.4948812453,1.860398126,4.300616022,8.950971315,8.950971315,8.950971315,8.950971315,16.2,19.7,23,27.43,31.8,39.64889566,46.91,54.17,59.02
Belize,BLZ,,,,,0,,,,,0.04539717993,0.8828073273,1.288582302,2.091516391,4.076740564,5.963835303,,5.684251214,5.684251214,9.8,17,24,24.6,26.3,27.2,28.2,30.7,31,33.6,38.7
Bermuda,BMU,,,,,0,,,,,6.838163465,16.20246602,24.18925674,32.10375935,39.94758876,42.94986002,47.5096999,52.03159737,56.52201218,60.99086701,65.44706579,69.89965516,74.35059403,82.3,83.25,84.21,88.336,91.29930452,95.3,96.8
Bolivia,BOL,,,,,0,,,,,0.06680756828,0.1960811739,0.4478390359,0.6264840624,0.9818151873,1.442763585,2.120462534,3.117192947,3.508596401,4.439924601,5.227583957,6.200671255,10.49924432,12.5,16.8,22.4,30,35.34,36.94,39.02
Brazil,BRA,,,,,0,0.003288170703,0.01294626236,0.02549825324,0.03767270936,0.1051381678,0.4507891789,0.786079155,1.477874959,2.038732184,2.870685159,4.528494869,9.149425086,13.2075861,19.07367227,21.02274725,28.17838018,30.88,33.83,39.22,40.65,45.69,48.56,51.04,57.6
Barbados,BRB,,,,,0,,,,,0.007752238459,0.3894642141,0.7834289117,1.970249237,2.376247035,3.973678355,11.93645034,27.83632242,39.68962712,49.8,52.5,55.3,58.2,61.4,64.7,65.1,67,70,73,76.67
Brunei Darussalam,BRN,,,,,0,,,,,1.017080166,3.303349927,4.831057905,6.284742844,7.671041206,8.996284534,12.91776908,15.32987986,19.59500322,29.71560414,36.46639195,42.18634916,44.68,46,49,53,56,60.27306504,64.5,68.77
Bhutan,BTN,,,,,0,,,,,,,,,0.1375715143,0.4009444469,0.8646285642,1.675802584,2.436912399,3.156984196,3.847106745,4.518317258,5.92,6.55,7.17,13.6,21,24,29.9,34.37
Botswana,BWA,0,0,0,0,0,0,,,,0.06452104096,0.1574542296,0.3077468499,0.6024009291,1.122391474,2.902666622,3.430886787,3.385922351,3.345190174,3.304889253,3.262554036,4.289932975,5.28,6.25,6.15,6,8,11.5,15,18.5
Central African Republic,CAF,,,,,0,,,,,,0.005849502822,0.01427088072,0.02787820125,0.04089428718,0.05339417422,0.07854342784,0.1285371165,0.1515633379,0.2234013955,0.2681956092,0.3111591732,0.375815961,1,1.8,2,2.2,3,3.5,4.03
Canada,CAN,,,,,0.3609997006,0.5703859263,0.9159810402,1.184557509,2.378693853,4.163525253,6.76023965,15.07235736,24.8974003,36.18644004,51.3,60.2,61.59329927,64.2,65.95596346,71.66,72.4,73.2,76.7,80.3,80.3,83,83,85.8,87.12
Central Europe and the Baltics,CEB,,,,,0,,,0.1486500579,0.3892848703,0.6219306379,1.068195153,1.790093415,3.511563902,4.959357017,7.037650207,10.21536513,18.19417192,22.5126441,29.15044423,34.64729322,40.65876375,45.11428149,50.4833147,54.87022447,58.35016696,58.85739213,61.50954877,63.28363087,66.92852334
Switzerland,CHE,,,,,0.5957142234,1.17995597,1.751713322,2.167270203,2.720004329,3.552007211,4.549656748,15.1,24.8,34,47.1,55.1,61.4,65.1,67.8,70.1,75.7,77.2,79.2,81.3,83.9,85.19302818,85.2,86.34,87
Channel Islands,CHI,,,,,,,,,,,,,,,,,,,,,,,,,,,,,
Chile,CHL,,,,,0,,0.03654893815,0.07178314427,0.1410845067,0.3469807814,0.6834756102,1.057092496,1.662322022,4.103419297,16.6,19.1,22.1,25.47377889,28.17791012,31.17534703,34.49775117,35.9,37.3,41.56,45,52.24960729,61.41815456,66.5,72.35
China,CHN,,,,,0,,,0.000168680271,0.00116811453,0.004954709504,0.0130816918,0.03239486093,0.1685402973,0.7081879568,1.775913207,2.639650215,4.595704331,6.2,7.3,8.523257003,10.52315262,16,22.6,28.9,34.3,38.3,42.30011749,45.8,49.3
Cote d'Ivoire,CIV,,,,,0,,,,,0.0002002556063,0.008409779849,0.01882836129,0.0609744386,0.1186859167,0.2314616706,0.3957477022,0.4979293608,0.7586696295,0.8492824147,1.039238205,1.524900791,1.8,1.9,2,2.7,2.9,5,8.4,14.6
Cameroon,CMR,,,,,0,,,,,,,0.006768744294,0.01321634052,0.1290675809,0.2521200777,0.2770513218,0.3608715843,0.5876226111,0.9760754155,1.402654226,2.028744791,2.93,3.4,3.84,4.3,5,5.69898724,6.4,11
Congo Rep.,COG,,,,,0,,,,,,0.003526860392,0.003469103643,0.003415143086,0.01679104916,0.02635473206,0.03222361643,0.1572495172,0.4600141868,1.07750493,1.46342006,2.007990079,2.759704374,4.287509903,4.5,5,5.6,6.106695024,6.6,7.11
Colombia,COL,,,,,0,,,,0.1071739453,0.1880467904,0.3300177727,0.5505210232,1.126225245,1.697730794,2.207532993,2.854199971,4.6,7.388923711,9.118690303,11.00726389,15.34167454,21.8,25.6,30,36.5,40.35091575,48.98,51.7,52.57
Comoros,COM,,,,,0,,,,,,,0,0.03787096982,0.1481629644,0.2717406073,0.4430683725,0.554869675,0.8481893702,1.327327178,2,2.2,2.5,3,3.5,5.1,5.5,5.975296308,6.5,6.98
Cabo Verde,CPV,,,,,0,,,,,,,0.2409679199,0.4727350084,1.159982461,1.822443852,2.685332713,3.518757175,4.324885391,5.31883207,6.074087107,6.808911008,8.28321982,14,21,30,32,34.74,37.5,40.26
Costa Rica,CRI,,,,,0,,0.001113325392,0.08150975385,0.2799124787,0.4168292061,0.8410570405,1.640221288,2.666378698,3.904323257,5.800253023,9.559482135,19.89485113,20.33361481,20.79230671,22.07,25.1,28.4,32.29,34.33,36.5,39.212196,47.5,45.96,49.41
Caribbean small states,CSS,,,,,0,,,,,0.1939121079,0.5544487855,0.9046809031,1.943876388,3.379123195,4.940877784,8.35771143,11.82229681,14.97618472,16.89119229,19.48895869,22.34485257,24.4938787,27.72404741,31.92694997,35.81885775,42.68900817,43.26065188,46.29434437,49.27394895
Cuba,CUB,,,,,0,,,,,9.17E-05,0.03194900136,0.06822021376,0.2266991989,0.3146905412,0.5411825488,1.079751722,3.770585038,5.241269054,8.407984759,9.738062208,11.15960131,11.69,12.94,14.33,15.9,16.0172908,21.2,27.93,30
Curacao,CUW,,,,,,,,,,,,,,,,,,,,,,,,,,,,,
Cayman Islands,CYM,,,,,0,,,0,0,3.948967193,3.948967193,3.948967193,3.948967193,3.948967193,3.948967193,3.948967193,3.948967193,3.948967193,3.948967193,38.03438308,44.5,52,61,64.5,66,69.46594499,74.12653069,74.1,74.1
Cyprus,CYP,,,,,0,,0.05006043009,0.05636748216,0.1110346206,0.4101206848,0.6733435412,4.378272095,8.890539159,11.34239866,15.25539437,18.81875904,28.32,30.09,33.83,32.81,35.83,40.77,42.31,49.81,52.99,56.85989235,60.6898684,65.4548,69.33
Czech Republic,CZE,,,,,0,,,0.5813195294,1.259217838,1.45357584,1.940378193,2.915698695,3.895906065,6.832802018,9.780527888,14.69717212,23.93,34.3,35.5,35.27,47.93,51.93,62.97,64.43,68.82,70.49,73.43000782,74.1104,79.71
Germany,DEU,,,,,0.1258922234,0.2502741534,0.4352852902,0.4636350965,0.9225410431,1.837737754,3.054805234,6.711087477,9.877852428,20.84598264,30.2163466,31.65093942,48.82,55.9,64.73,68.71,72.16,75.16,78,79,82,81.26999954,82.34999847,84.17,86.19
Djibouti,DJI,,,,,0,,,,,0.01603083049,0.03116624073,0.08294149759,0.09469600397,0.1057619088,0.1945005284,0.343526263,0.4869717045,0.6259402294,0.7813171751,0.9536114493,1.270041159,1.62,2.26,4,6.5,7,8.267232892,9.5,10.71
Dominica,DMA,,,,,0,,,,,0.5487627365,1.165518146,1.165518146,2.925345191,2.932164377,8.814844198,13.24522804,18.42489277,23.62041985,30.31961309,38.54364326,39.3981743,40.27446301,41.16,42.02,47.45,51.3135,55.17701416,59,62.86
Denmark,DNK,,,,,0.09727726764,0.1940565147,0.3869139511,0.5783299758,1.34430775,3.82565642,5.714987841,11.38200494,22.66874615,30.59204065,39.17243086,42.95752472,64.25,76.26,80.93,82.74,86.65,85.03,85.02,86.84,88.72,89.81001339,92.26001172,94.6297,95.99
Dominican Republic,DOM,,,,,0,,,,,0.01723360084,0.07498705264,0.1426875655,0.233914189,1.104743874,3.704692356,4.429390697,6.823725733,7.898392937,8.865553461,11.48319778,14.84492837,17.66,20.82,27.72,31.4,38,41.2,45.9,49.58
Algeria,DZA,,,,,0,,,,0.000360673568,0.001768954015,0.001738533226,0.01026846315,0.02023855454,0.199523843,0.4917056791,0.6461140167,1.59164126,2.195359731,4.634475088,5.843942092,7.375984956,9.451190626,10.18,11.23,12.5,14,15.22802676,16.5,18.09
East Asia & Pacific (developing only),EAP,,,,,0,,,0.001162404139,0.004032794314,0.01304495669,0.03370922342,0.09426221627,0.3241767515,0.8533515966,1.897115737,2.779089189,4.405156649,5.762267997,6.885475763,8.319143451,10.17376939,14.38223568,19.25942049,23.76826305,28.95605646,32.38395697,36.10945776,39.39275628,42.13206038
East Asia & Pacific (all income levels),EAS,,,,,0.007288312442,,,0.07927792186,0.1173821001,0.2095778973,0.4647337404,1.079850356,1.882787353,3.406408274,5.592679876,7.252186746,8.993587818,10.54724365,12.59696421,14.66635904,16.6176467,20.76611474,25.25292651,29.5123239,34.2294861,37.36356725,40.74677037,44.4131683,46.89127504
Europe & Central Asia (developing only),ECA,,,,,0,,,,0.02421990645,0.04793232976,0.1335433013,0.2857441255,0.5866491638,1.156407503,1.96488462,2.836871822,5.548448216,6.644658065,9.429644386,10.83122251,13.29788554,17.96093377,22.25261988,27.19352148,31.99135875,37.19708131,41.5647533,44.49343739,48.18223817
Europe & Central Asia (all income levels),ECS,,,,,0.04810712762,,0.2625207137,0.3177053494,0.5647527454,1.023859739,1.8426144,3.36063999,5.436905079,9.244715036,13.1845624,16.40615016,23.05916305,28.36395128,32.35956475,35.22597852,38.08247944,43.67313729,47.35702521,50.72476193,56.24588294,59.22646723,63.89755768,66.3437911,69.20343655
Ecuador,ECU,,,,,0,,0.005118035389,0.01640075126,0.03483358612,0.04383364116,0.08616127564,0.1102179594,0.125272771,0.8233716344,1.462188536,2.670443674,4.260796915,4.460228345,4.834442638,5.994255161,7.2,10.8,18.8,24.6,29.03,31.36680836,35.13514645,40.35368423,43
Egypt Arab Rep.,EGY,,,,,0,,,0.0009757913644,0.006383269604,0.03131963824,0.06146689894,0.09048024471,0.1479873769,0.2904452783,0.6412650375,0.8389456115,2.719999715,4.037885107,11.92,12.75,13.66,16.03,18.01,20,21.6,25.6,26.4,29.4,31.7
Euro area,EMU,,,,,0.07275671384,0.1697397038,0.3264390446,0.4693825129,0.8476048353,1.702123942,2.881471769,5.109372018,8.017798406,15.23753686,22.51868204,27.34451307,35.18572124,42.08609191,47.47257218,51.24401839,54.91930454,61.36466359,64.8239515,67.11518705,71.02191736,72.05946301,74.08163408,75.81072732,78.30003601
Eritrea,ERI,,,,,0,,,0,0,0,0,0.009017718012,0.008774236269,0.02549502847,0.1367119411,0.1578152893,0.2270901376,0.2270901376,0.2270901376,0.2270901376,0.2270901376,0.41,0.47,0.54,0.61,0.7,0.8,0.9,0.99
Spain,ESP,,,,,0.01287356445,0.02568619382,0.07684545316,0.1276896679,0.2800697384,0.380800728,1.331847404,2.803319625,4.361892394,7.085039678,13.62496081,18.14872269,20.39,39.93,44.01,47.88,50.37,55.11,59.6,62.4,65.8,67.6,69.80999994,71.635,76.19
Estonia,EST,,,,,0,,0.06548479705,0.3007112824,1.159750913,2.778968489,3.525111129,5.706276548,10.79603483,14.50089724,28.57695381,31.52748977,41.52,45.32,53.2,61.45,63.51,66.19,70.58,72.5,74.1,76.5,78.38992593,79.4,84.24
Ethiopia,ETH,,,,,0,,,,,1.75E-05,0.001703448289,0.004966720489,0.00966351745,0.01254159892,0.01526376721,0.03716238107,0.07240226187,0.1058116588,0.1553345208,0.219659819,0.3105926569,0.37,0.45,0.54,0.75,1.1,1.482810139,1.9,2.9
European Union,EUU,,,,,0.06933409668,0.1719111935,0.3104507741,0.4337490384,0.8270959919,1.581629039,2.80552366,5.120499885,8.42163842,14.58269767,20.55669432,25.29952685,35.1395198,41.82284915,46.83196466,50.9720859,54.54631442,60.29527801,64.18913689,67.2146427,70.63089596,71.55806629,73.69936458,75.53578025,78.10214768
Fragile and conflict affected situations,FCS,,,,,0,,,,,,,,0.07438024745,0.1250191263,0.2669154815,0.2569571883,0.648890691,0.9446667927,1.354404853,1.867637276,2.433635491,3.590927798,3.640954655,4.467332879,6.703662457,7.454808958,8.602356821,10.02549295,11.53125456
Finland,FIN,,,,,0.4010876695,1.397439332,1.88687977,2.568461349,4.915098554,13.90030389,16.78007526,19.4586828,25.45252493,32.29509229,37.24846174,43.10536335,62.43,69.22,72.39,74.48,79.66,80.78,83.67,82.49,86.89,88.70999491,89.87999797,91.5144,92.38
Fiji,FJI,,,,,0,,,0.006678447448,0.007907399085,0.009115342945,0.06443714157,0.2234548417,0.6331678655,0.9424620628,1.496854734,1.857978594,6.1526497,6.725434738,7.412943485,8.453636634,9.6000384,10.89783105,13,17,20,28,33.74235675,37.1,41.8
France,FRA,,,,,0.05277786159,0.1401138954,0.2790494633,0.5906193834,0.8998674253,1.637947245,2.584033979,4.255003872,6.319778722,9.125317889,14.30792394,26.32590355,30.18,36.14,39.15,42.87,46.87,66.09,70.68,71.58,77.28,77.81999899,81.44,81.9198,83.75
Faeroe Islands,FRO,,,,,0,,,,,0,2.318786811,4.601297566,11.33786848,22.29753835,32.91639236,43.24698352,53.29922183,58.91264097,66.53359947,67.90263174,69.35944512,75.98,75.57,75.18,75.2,80.7321728,85.33518924,90,94.66
Micronesia Fed. Sts.,FSM,,,,,0,,,,,,0.2780377946,0.570676845,1.858718785,2.797594069,3.734862137,4.660527199,5.570099705,9.2325021,11.01786731,11.8813691,12.75033925,13.62113273,14.49,15.35,20,22.8,25.974423,27.8,29.65
Gabon,GAB,,,,,0,,,,,,0,0.0479990086,0.1701248802,0.2490095645,1.216140618,1.347620222,1.939530106,2.659586594,2.9790698,4.89326475,5.489200803,5.767004576,6.21,6.7,7.23,8,8.616714489,9.2,9.81
United Kingdom,GBR,,,,,0.08735531928,0.1742309225,0.2606151595,0.519762001,1.036609166,1.895168284,4.123650336,7.385398957,13.6699831,21.29363827,26.82175435,33.48109487,56.48,64.82,65.61,70,68.82,75.09,78.39,83.56,85,85.37999855,87.47999842,89.8441,91.61
Georgia,GEO,,,,,0,,,,,0.01183688535,0.04006541882,0.06093033307,0.1028309568,0.4163435667,0.4847462985,0.9923444361,1.58787563,2.558816481,3.886221354,6.079457629,7.526876845,8.26,10.01,20.07,26.9,31.52,36.94,43.3,48.9
Ghana,GHA,,,,,0,,,,,0.0003479175742,0.005648762969,0.02753754179,0.03224044321,0.1048954662,0.1536152976,0.2000080603,0.8302840338,1.193057911,1.716797704,1.831197461,2.723175973,3.85,4.27,5.44,7.8,9,10.6,12.3,18.9
Guinea,GIN,,,,,0,,,,0.0001383184597,0.0006685894408,0.00194894188,0.003803108509,0.006203368504,0.06080891916,0.09542492361,0.1755418685,0.4020227487,0.4509603708,0.5088193323,0.542254181,0.637492123,0.7800252791,0.92,0.94,1,1.3,1.490144366,1.6,1.72
Gambia The,GMB,,,,,0,,,,,0.00921754135,0.03550736023,0.05131134699,0.2060944605,0.7158270148,0.9217949191,1.336791166,1.796779883,2.436781193,3.308003478,3.799001139,5.237691158,6.205037419,6.88,7.63,9.2,10.8703,12.44922872,14,15.56
Guinea-Bissau,GNB,,,,,0,,,,,,,0.01638906325,0.02406042053,0.1177024482,0.2301031706,0.2995691447,1.022993234,1.354197478,1.808142203,1.901365316,2.057196705,2.206302237,2.354888711,2.303280592,2.45,2.672,2.893990621,3.1,3.32
Equatorial Guinea,GNQ,,,,,0,,,,,,,0.04146229212,0.0944237739,0.09741594465,0.1323546651,0.1652604229,0.3211979972,0.520524272,0.8439302846,1.149789671,1.279193596,1.557123059,1.82,2.13,6,11.5,13.94318219,16.4,18.86
Greece,GRC,,,,,0,0.04878880332,0.04829160247,0.1910622421,0.3781743125,0.7496164775,1.395360779,1.849634688,3.221821786,6.877292144,9.138837308,10.93502581,14.67,17.8,21.42,24,32.25,35.88,38.2,42.4,44.4,51.64999517,55.06999344,59.8663,63.21
Grenada,GRD,0,0,0,0,0,0,0,0,0,0,0.2980329823,0.9908838684,1.484854484,2.473166147,4.063907991,5.128103982,14.75884055,18.64518218,19.57062058,20.48780488,21.39599117,22.29,23.18,24.05,27,30,32,35,37.38
Greenland,GRL,,,,,0,,,,0.06471212094,0.05394034198,1.796719191,7.954504682,14.65444717,21.60261331,31.74781123,35.46413689,44.15478903,54.53425983,56.09901476,57.7034045,59.36168727,61.07,62.82,62.83,63,64,64.8960101,65.8,66.7
Guatemala,GTM,,,,,0,,,,,0.002998005427,0.01953487082,0.09547602148,0.4665904445,0.5926529453,0.7123329045,1.738201782,3.39174627,4.548854908,5.1,5.7,6.5,7.3,8.3,9.3,10.5,12.3,16,19.7,23.4
Guam,GUM,,,,,0,,,,0.34845391,0.6595309086,1.356106888,2.344571647,4.50128419,8.497176323,16.11312704,25.38022753,31.19229426,33.71668179,36.16178784,38.55987756,43.851443,46.15047362,48.41870215,50.64202838,54.04,57.7,61.53415931,65.4,69.27
Guyana,GUY,,,,,0,,,,,,0.0658541147,0.131828033,0.2640881104,3.966354735,6.611491566,13.2069865,13.2069865,13.2069865,13.2069865,13.2069865,13.2069865,13.8,18.2,23.9,29.9,31,33,35,37.35
High income,HIC,,,,,0.2188667887,0.4624993039,0.5939821888,0.8310503862,1.66836315,3.078776315,5.616654238,8.869123358,13.36439416,19.36186478,26.10099713,31.41782777,38.61508704,43.1459385,48.1596532,51.78908496,54.53997396,60.09498787,62.27881153,63.88242571,67.57394598,68.92817701,74.21293883,78.14118171,80.60754985
Hong Kong SAR China,HKG,,,,,0,0.1209554443,0.8495278834,1.334568031,2.784198266,3.218635643,4.748838672,10.51875705,14.54597958,21.23068197,27.82776068,38.67140323,43.08238303,52.20004335,56.39988039,56.9,60.8,64.8,66.7,69.4,72,72.2,72.9,74.2,74.56
Honduras,HND,,,,,0,,,,,0.03677525238,0.04371124561,0.1709964682,0.3012472137,0.5735754761,1.203855999,1.415281931,2.597402597,4.8,5.6,6.5,7.8,9.4,9.6,9.8,11.09,15.9,18.12,17.8,19.08
Heavily indebted poor countries (HIPC),HPC,,,,,0,,,,,,0.008727644622,0.02389562956,0.04373856091,0.1064598542,0.1733782893,0.2576225351,0.3950524163,0.6044119629,0.9145670473,1.213447385,1.557895614,2.42662065,2.527283286,3.153333335,4.929978865,5.388736713,6.379504903,7.332232322,8.865291182
Croatia,HRV,,,,,0,,,0.09721338901,0.2683189965,0.5140285898,0.8589823679,1.729609312,3.273220279,4.405359119,6.644882544,11.55857318,17.76,22.75,30.91,33.14,37.98,41.44,44.24,50.58,56.55,57.78997899,61.93997315,66.7476,68.57
Haiti,HTI,,,,,0,,,,,,0.007484253131,,0.02399947681,0.07065847813,0.2312707146,0.3408323262,0.8934329883,1.647358346,5.401261908,6.376201635,6.796000481,7.2,7.6,8.1,8.37,9,9.8,10.6,11.4
Hungary,HUN,,,,,0,0.003382630175,0.04835342096,0.1934143946,0.4835809752,0.6774860544,0.9692395356,1.942449872,3.894643278,5.857840749,6.999676351,14.5285543,16.67,21.63,27.74,38.97,47.06,53.3,61,62,65,68.01998789,70.57999815,72.6439,76.13
Indonesia,IDN,,,,,0,,,,0.001059744382,0.02610947719,0.05662398874,0.1949102636,0.2553066463,0.444415936,0.9255638645,2.018613859,2.134135733,2.38701978,2.600285876,3.602024763,4.764813134,5.786274729,7.917479385,6.92,10.92,12.28,14.52,14.94,17.14
Isle of Man,IMN,,,,,,,,,,,,,,,,,,,,,,,,,,,,,
India,IND,,,,,0,,0.0001113077273,0.0002181756767,0.001069562387,0.02622887881,0.04633397674,0.07076784871,0.1390273288,0.2732242767,0.5275324499,0.660146377,1.537875582,1.686489971,1.976136492,2.388075,2.805499865,3.95,4.38,5.12,7.5,10.07,12.58006091,15.1,18
Not classified,INX,,,,,,,,,,,,,,,,,,,,,,,,,,,,,
Ireland,IRL,,,,,0,0.05679604427,0.1696863772,0.2811410051,0.5583772218,1.108386328,2.199301832,4.08825507,8.096010043,10.93380859,17.85046724,23.13881219,25.85,34.31,36.99,41.61,54.82,61.15832455,65.34,67.38,69.85,74.88997297,76.91999254,78.2477,79.69
Iran Islamic Rep.,IRN,,,,,0,,,,0.0004083319514,0.004179752373,0.01582608024,0.04675609414,0.09981522053,0.3785690945,0.93419002,1.484221332,4.626175115,6.933721953,7.49,8.1,8.76,9.47,12.02,13.8,15.9,19,22.73,29.95,39.35
Iraq,IRQ,,,,,0,,,,,,,,,,,0.1,0.5,0.6,0.9,0.9,0.9523442438,0.93,1,1.06,2.5,5,7.1,9.2,11.3
Iceland,ISL,,,,,0,0.5051290022,1.53916008,2.667825265,6.794811784,11.2158757,14.80647932,27.47886875,36.2642065,41.29456671,44.47053382,49.39299537,79.12,83.14,83.88,87,89.51,90.6,91,93,93.39,94.8196868,96.20979955,96.5468,98.16
Israel,ISR,,,,,0.1107738662,0.2146240998,0.3105791971,0.3988333327,0.5769664604,0.9304229703,2.1683676,4.399405482,10.30706995,13.43612191,20.87379,17.37862386,17.76459906,19.59339366,22.77048553,25.19404242,27.88107446,48.12806219,59.39,63.12,67.5,68.87387799,70.8,70.8,71.45
Italy,ITA,,,,,0.01754456236,0.0350632556,0.07005343256,0.1224620527,0.1923046195,0.5244127875,1.023289903,2.276737834,4.558519565,14.37841019,23.11087424,27.22211698,28.04,29.04,33.24,35,37.99,40.79,44.53,48.83,53.68,54.3899983,55.82999799,58.4593,61.96
Jamaica,JAM,,,,,0,,,,0.03681710408,0.1094879855,0.5911458417,0.7977974408,1.978726318,2.355688556,3.115778027,3.863020387,6.1,7.8,10,12.8,16.4,21.1,23.6,24.3,27.67,37.43861341,33.79,37.1,40.5
Jordan,JOR,,,,,0,,,,,0.02323392004,0.04493854878,0.599341106,1.305888264,2.526965353,2.623275422,4.705719581,6.025532412,8.466005016,11.65874137,12.93285205,13.86710879,20,23,26,27.2,34.9,37,41,44
Japan,JPN,,,,,0.02029368287,0.04043804104,0.09667802542,0.4012775264,0.799684291,1.594363148,4.372981968,9.16307714,13.41404088,21.39129031,29.99074036,38.53206086,46.59420112,48.43526589,62.39392963,66.9210661,68.68527032,74.3,75.4,78,78.21,79.05411352,79.4964,89.71,90.58
Kazakhstan,KAZ,,,,,0,,,,0.0005210788814,0.01130235463,0.031824512,0.06459675412,0.131069604,0.4642772175,0.6685944026,1.006124211,1.674770995,2.000414753,2.650394657,2.961707492,3.268369051,4.02,11,18.2,31.6,50.6,53.31566912,54,54.89
Kenya,KEN,,,,,0,,,,,0.0007274821628,0.008839114851,0.03440605092,0.0502613877,0.1142560282,0.3180597136,0.6197822662,1.207773885,2.941902861,3.023528042,3.101897702,7.53378972,7.95,8.67,10.04,14,28,32.1,39,43.4
Kyrgyz Republic,KGZ,,,,,0,,,,,,,,0.07280833393,0.2047113498,1.041401145,3.002941327,2.99926518,3.908766268,5.090385307,10.53380134,12.306907,14.03,15.7,16,16.3,17.5,19.8,23,28.3
Cambodia,KHM,,,,,0,,,,,,,0.00584491064,0.01632498607,0.03196957775,0.04702264007,0.07695605555,0.2269832377,0.2605701976,0.3004366444,0.3173217811,0.4683567201,0.49,0.51,0.53,1.26,3.1,4.94,6.8,9
Kiribati,KIR,,,,,0,,,,,,,,0.6165456182,1.211577838,1.785225474,2.337458948,2.5,3,3.5,4,4.5,6,7,8.97,9.07,10,10.74679768,11.5,12.25
St. Kitts and Nevis,KNA,,,,,0,,,,,,1.945569823,2.258559942,3.343810607,4.400440044,5.86281024,7.714726556,21.15238176,22.96978429,24.73767754,34,38.5,43.5,49.2,55.7,63,63.2,64,64.6,65.4
Korea Rep.,KOR,,,,,0.0232650924,0.04612443473,0.09840433706,0.2499465228,0.3113593643,0.8196866701,1.624237192,3.600801564,6.781815468,23.55219445,44.7,56.6,59.4,65.5,72.7,73.5,78.1,78.8,81,81.6,83.7,83.75912015,84.07,84.77,84.33
Kosovo,KSV,,,,,,,,,,,,,,,,,,,,,,,,,,,,,
Kuwait,KWT,,,,,0,,,0.09108224459,0.1471627031,0.2028984331,0.8556623169,2.174535859,3.052397455,4.756222209,6.731395768,8.551792434,10.24896793,22.40293838,22.92711204,25.92610837,28.79119795,34.8,42,50.8,61.4,65.76907069,70.45,75.46,78.7
Latin America & Caribbean (developing only),LAC,,,,,0,,0.01398773872,0.02679789068,0.04638283282,0.09862043921,0.2976646133,0.6010196932,1.174170193,1.727705485,3.097083223,4.721184613,8.325771155,10.77661811,13.97566935,16.11601504,20.42157638,23.10431277,25.79668911,30.11210334,33.13786129,37.68222489,41.04777612,43.93749097,47.46603333
Lao PDR,LAO,,,,,0,,,,,,,,0.009657813992,0.0377807083,0.1110440323,0.1816644607,0.2678992413,0.3339124664,0.3614344903,0.8503574903,1.169893428,1.64,3.55,6,7,9,10.74767619,12.5,14.26
Lebanon,LBN,,,,,0,,,,,0.07161799078,0.1401669388,1.241079739,2.722352199,5.376809498,7.952743736,6.783219775,7,8,9,10.14,15,18.74,22.53,30.14,43.68,52,61.24978572,70.5,74.7
Liberia,LBR,,,,,0,,,,,,,0.004489442627,0.004099387183,0.01132873185,0.01770270572,0.03381222718,0.03271330712,0.03186893455,0.0310111848,,,0.5513765806,0.53,2,2.3,2.5,2.6,3.2,5.41
Libya,LBY,,,,,0,,,,,,,,,0.1336172892,0.1870426223,0.3665331753,2.244418222,2.814517987,3.532838162,3.917787977,4.301051789,4.721999379,9,10.8,14,14,,16.5,17.76
St. Lucia,LCA,,,,,0,,,,,0.3056566864,0.6704659739,0.9921684834,1.304988973,1.932105802,5.090483341,8.181863954,14.64183577,20.98247346,21.39521236,21.56758295,24.5,27.9,32,36,43.3,44,45.9,46.2,51
Latin America & Caribbean (all income levels),LCN,,,,,0,,0.01368500759,0.02990849935,0.05006781237,0.110083607,0.3087232563,0.6095946478,1.229663219,2.052489634,3.90371304,5.650753691,8.886950932,11.28715318,14.40238707,16.62978984,20.75263406,23.70293508,26.50047906,31.03408002,34.71039938,39.34957815,43.35327777,46.54419485,50.15332042
Least developed countries: UN classification,LDC,,,,,0,,,,,,,0.008534538705,0.0210721721,0.05717722698,0.09940509684,0.1446372878,0.2362585413,0.3556210818,0.5548937111,0.7842613682,1.126710965,1.955537196,2.185471911,2.792694383,4.471246994,5.062680032,5.937297992,7.146266945,8.63639215
Low income,LIC,,,,,0,,,,,,0.002998037128,0.0108802781,0.02634897547,0.06494616423,0.1042774747,0.1511209218,0.3228628539,0.5068286041,0.6870866566,0.9526514049,1.205747811,1.403795664,1.904432057,2.374505632,3.288190052,3.724134164,4.40535045,5.60791374,6.290986625
Liechtenstein,LIE,,,,,0,,,,,,,,,,36.51522989,45.11685265,59.47071067,58.80969184,64.00744814,63.37135615,64.21416136,65.08021844,70,75,80,85,89.4077,93.8,95.21
Sri Lanka,LKA,,,,,0,,,,0.002765448181,0.005484435829,0.05446449851,0.1624645482,0.2963511043,0.3484144249,0.6474100109,0.7938218644,1.050422706,1.458580228,1.44615998,1.792046794,2.537566129,3.88,5.8,8.78,12,15,18.2854,21.9,25.8
Lower middle income,LMC,,,,,0,,,,0.002078063846,0.0223506531,0.03919279637,0.07442076297,0.1594955902,0.2742860677,0.5518235842,0.8647458144,1.591425898,2.104611867,2.915297799,3.674567946,4.639559334,5.868667167,7.346945527,8.674788902,11.80798858,14.42506271,17.15350976,19.54178772,22.55515145
Low & middle income,LMY,,,,,0,,,,0.01134383369,0.03308481048,0.07056469057,0.1437230032,0.335616263,0.6802300615,1.378114266,1.959796444,3.381461528,4.371699367,5.551968528,6.586717214,8.157473902,10.59758948,13.45554324,16.25898539,19.7212242,22.71606634,25.62453559,28.26738652,31.13658974
Lesotho,LSO,,,,,0,,,,,,0.002845939613,0.005584433281,0.0109565327,0.05380445953,0.2118060704,0.2611500631,1.083943137,1.53249659,2.175524339,2.580245484,2.979708187,3.44543126,3.58,3.72,3.86,4.2248,4.58961763,5,11
Lithuania,LTU,,,,,0,,,,,,0.2774212914,0.9784221573,1.972063745,2.9230547,6.427067495,7.179356994,17.69,25.91,31.23,36.22,43.9,49.9,55.22,59.76,62.12,63.6399774,67.22998933,68.4529,72.13
Luxembourg,LUX,,,,,0,,0.1531987908,0.3021551214,0.4964861195,1.590941911,5.551653306,7.142704085,11.74555372,17.3879578,22.88732797,36.16342251,39.84,54.55,65.88,70,72.51,78.92,82.23,87.31,90.62,90.02985856,91.94992374,93.7765,94.67
Latvia,LVA,,,,,0,,,,,,0.8127170717,2.053454712,3.315267886,4.387409055,6.319062083,7.219345808,21.94,26.98,38.58,46,53.63,59.17,63.41,66.84,68.42,69.74995456,73.11994377,75.2344,75.83
Macao SAR China,MAC,,,,,0,,,,0.03699337572,0.2800140857,0.7272735981,2.364127672,7.003324245,9.212005085,13.60858974,22.52121677,25.17188016,25.74212398,31.48409738,34.86292717,46.4,47.327,49.24,54,55.198,60.20369672,61.31,65.8,69.78
St. Martin (French part),MAF,,,,,,,,,,,,,,,,,,,,,,,,,,,,,
Morocco,MAR,,,,,0,,,,,0.003710491842,0.005675444236,0.02163520307,0.1423007672,0.1755953446,0.6937912448,1.371438101,2.373253192,3.353366681,11.60793477,15.08444452,19.77119157,21.5,33.1,41.3,52,46.1074826,55.41605319,56,56.8
Monaco,MCO,,,,,0,,,,,,,,,,42.18486345,46.64614236,48.04711717,49.49116892,52.49019668,55.46482606,61.47603971,64.3776824,67.25,70.1,75,80.3,87,90.7,92.4
Moldova,MDA,,,,,0,,,,0.000825390857,0.00345721694,0.004643901025,0.02812880838,0.2608182057,0.6006952687,1.282846417,1.487812952,3.787242799,7.407544584,10.62939084,14.63027046,19.62064771,20.45,23.39,27.5,32.3,38,43.37,45,46.6
Madagascar,MDG,,,,,0,,,,,,0.003695195721,0.01433364703,0.06256102306,0.1686087813,0.196394691,0.2225115862,0.3397201546,0.4232524193,0.5253536549,0.5677218022,0.6075522389,0.65,1.65,1.63,1.7,1.9,2.3,3,3.7
Maldives,MDV,0,0,0,0,0,0,0,0,0,0,0.2269300897,0.3094442381,0.5696274636,1.119908615,2.203872939,3.617290649,5.347765169,5.97659285,6.588254875,6.869605067,11.03635278,16.3,23.2,24.8,26.53,34,38.9301,44.1,49.28
Middle East & North Africa (all income levels),MEA,,,,,0.00196039039,,,,,0.03714385369,0.08442336617,0.2277439794,0.4873217352,0.9189178038,1.693012704,2.076649891,3.757208895,5.12923074,8.351298094,9.753068168,11.79240225,15.04136038,18.73683788,21.59770331,24.8526292,27.69676649,31.26995992,34.66955823,38.26142333
Mexico,MEX,,,,,0,0.005880694931,0.01730780987,0.02830504158,0.04333916679,0.1025641899,0.2004062803,0.6273115396,1.265783278,1.857436221,5.081384153,7.038023117,11.9,12.9,14.1,17.21,19.52,20.81,21.71,26.34,31.05,37.17629541,39.75,43.46,44.39
Marshall Islands,MHL,,,,,0,0,0,0,0,0,0.03705943163,,,0.9660715666,1.534271796,1.706614078,2.335444575,2.569750367,3.599776814,3.878702398,3.795590214,3.95,4.6,5.6,7,10,12.5,14,16.8
Middle income,MIC,,,,,0,,,0.005108574534,0.01153270779,0.03433212766,0.07577047222,0.1552589272,0.3633603077,0.7353094355,1.498843618,2.133613644,3.67948141,4.75164682,6.035744993,7.14987294,8.852018097,11.55574147,14.68625306,17.75877714,21.50787804,24.81037119,28.0004016,30.77790259,34.05230278
Macedonia FYR,MKD,,,,,0,,,,,0.04074383991,0.07599573411,0.5039850095,1.002861666,1.49733026,2.485566316,3.468184608,17.33,19.07,24.44,26.45,28.62,36.3,46.04,51.77,51.9,56.7,57.44994731,65.24,68.06
Mali,MLI,,,,,0,,,,,,0.002055228089,0.01008591892,0.01979388822,0.06090987338,0.142545755,0.1858974133,0.2270455785,0.3103644432,0.4328196399,0.507063136,0.7296272808,0.81,1.57,1.8,2,2.2,2.8,3.5,7
Malta,MLT,,,,,0,,,,,0.2249956986,1.051527475,3.920605132,6.500783995,7.759798038,13.11370871,17.87784832,28.92,31.64,34.62,41.24,40.41,46.9,50.08,58.86,63,68.01982379,68.19987429,68.9138,73.17
Myanmar,MMR,,,,,0,,,,,,,,,0.0001517093526,,0.0002892773808,0.0004264935064,0.02406414914,0.024337392,0.0652388555,0.1820483311,0.2171284451,0.22,0.22,0.25,0.98,1.0691,1.6,2.1
Middle East & North Africa (developing only),MNA,,,,,0,,,,0.002825688653,0.01314405892,0.0258900856,0.07445152821,0.1582242768,0.4166266052,0.8422077414,1.141369247,2.816710081,4.050096396,7.416945667,8.539218727,9.912249749,11.84823861,14.96713748,17.67142463,20.61891636,22.76705108,25.79288297,28.97034166,32.66177507
Montenegro,MNE,,,,,,,,,,,,,,,,,,,25.3500686,27.1,28.9,30.8,32.9,35.1,37.5,35.61154125,56.83878255,60.31,61
Mongolia,MNG,,,,,0,,,,,0.008811224795,0.01816074933,0.1127425537,0.1458105415,0.5084715599,1.255652004,1.653238239,2.039572603,2.039572603,2.039572603,2.039572603,2.039572603,9,9.8,10,10.2,12.49999111,16.4,20,27
Northern Mariana Islands,MNP,,,,,0,,,,,,,,,,,,,,,,,,,,,,,,
Mozambique,MOZ,,,,,0,,,,,,0.003042978789,0.01184261076,0.02019705517,0.05625062895,0.10959253,0.1600319466,0.2596126113,0.4195388439,0.6794478354,0.8543571181,0.842954488,0.91,1.56,2.68,4.17,4.3,4.8491,5.4,5.94
Mauritania,MRT,,,,,0,,,,,,,0.004172527329,0.04059479494,0.1184644636,0.1920314624,0.261448552,0.3632294146,0.4240048958,0.4814704382,0.6699664749,0.9796612527,1.433613196,1.87,2.28,4,4.5,5,6.2,10.7
Mauritius,MUS,,,,,0,,,,,,0.1837691579,0.4756291926,2.565279962,4.652213227,7.281535115,8.780904019,10.25262467,12.1871062,13.68908859,15.17222875,16.7,20.22,21.81,22.51,28.33,34.95,35.42,39,41.44
Malawi,MWI,,,,,0,,,,,,,0.004668517952,0.01805736518,0.0872787549,0.1267809448,0.1640207253,0.2150947265,0.2788151163,0.347505335,0.3844893341,0.4251374896,0.9658647366,0.7,1.07,2.26,3.33,4.3506,5.05,5.83
Malaysia,MYS,,,,,0,,0.00104782235,0.02553847752,0.09960741729,0.1456738367,0.8520444665,2.307393234,6.751770483,12.3055022,21.38473116,26.6959725,32.33820434,34.97115234,42.25226563,48.62917025,51.63798899,55.7,55.8,55.9,56.3,61,65.8,66.97,67.5
North America,NAC,,,,,0.7430370883,1.104950936,1.64464582,2.164532216,4.617876749,8.73682317,15.46949977,20.97513407,29.58557051,35.88247997,43.87937411,50.16202125,59.0571969,61.93974087,64.87424722,68.32787479,69.27045383,74.82360509,74.26650299,71.91664651,72.54048364,71.04254959,79.66799078,84.36047388,87.33792134
Namibia,NAM,,,,,0,,,,,0.006172050855,0.009032145405,0.05875067857,0.2867450934,0.3362177077,1.644739547,2.416979442,2.633699769,3.359839886,3.804715615,4.010046644,4.398870647,4.835610778,5.329003772,6.5,11.6,12,12.9414,13.9,14.84
New Caledonia,NCL,,,,,0,,,,,0.005179012569,0.2529839456,0.989334969,1.936042825,5.688147323,13.93954882,18.23710978,22.38979742,26.40833447,30.29804621,32.35901475,33.51571468,35.05,34.51,33.99,42,50,58,66,70
Niger,NER,,,,,0,,,,,,0.001039304522,0.002008766054,0.002911502833,0.02813602229,0.03626129381,0.1051854314,0.1271524688,0.1556987037,0.1899337337,0.2213413515,0.2940339771,0.3903906198,0.7,0.76,0.83,1.3,1.4077,1.7,1.95
Nigeria,NGA,,,,,0,,,,,,0.008832980441,0.01723740074,0.02523146102,0.04103872291,0.06408080795,0.08990137046,0.3204619755,0.5585762449,1.286137641,3.549155718,5.545036083,6.77,15.86,20,24,28.43,32.8,38,42.68
Nicaragua,NIC,,,,,0,,,,0.01316622757,0.03004647761,0.08409329142,0.2062168184,0.3038089746,0.4979016433,0.9802164867,1.448799428,1.714729584,1.880412532,2.320664609,2.566351177,2.805573063,3.9,5.3,7.3,10,10.6,13.5,15.5,17.6
Netherlands,NLD,,,,,0.334386942,0.5314961284,1.320008028,1.967087737,3.257308831,6.47315766,9.649069145,14.0655114,22.24382769,39.17600725,43.98435137,49.37306211,61.29,64.35,68.52,81,83.7,85.82,87.42,89.63,90.72,91.41999576,92.85999236,93.9564,93.17
High income: nonOECD,NOC,,,,,0,,0.05126290613,0.1033149776,0.2058398533,0.325012152,0.6770784585,1.504237729,2.662214061,4.309811508,6.593260256,8.917153291,11.4929815,15.1448123,18.89811936,21.54610542,25.25863966,31.41728426,34.48396584,38.02734991,47.43905886,52.57732281,62.42064983,66.95621844,69.89932635
Norway,NOR,,,,,0.7072994482,1.407395158,2.216365832,2.783990846,4.152450292,6.423220493,18.25031077,20.41788144,22.56011255,40,52,64,72.84,78.13,77.69,81.99,82.55,86.93,90.57,92.08,93.39,93.48998265,94.64997805,95.0534,96.3
Nepal,NPL,,,,0,0,0,0,0,0,0.0009248775601,0.004510472754,0.02199885756,0.06439359564,0.1466688692,0.2046516837,0.2400153034,0.3129560601,0.382810917,0.4498436512,0.8265512659,1.141389164,1.41,1.73,1.97,7.93,9,11.1493,13.3,15.44
New Zealand,NZL,,,,,0,,0.2859412414,0.6312153673,3.168718848,4.88424078,8.041899368,14.6015244,31.63626081,41.49448266,47.37955654,53.24101529,59.08075328,60.96253987,61.84762781,62.72021237,69,69.76,72.03,79.7,80.46,81.23,82,82.78,85.5
High income: OECD,OEC,,,,,0.2836537344,0.475158358,0.7310613403,1.016258834,2.051351789,3.86975906,7.079309201,11.05115791,16.53273753,23.81596256,31.87094998,38.06745164,46.78968409,51.58581367,56.98568873,60.74291147,63.22872112,68.63022263,70.57932457,71.62676339,73.62313935,73.85215371,77.77012919,81.51977627,83.84557558
OECD members,OED,,,,,0.2465212591,0.4333883477,0.6679015839,0.8815984732,1.777223317,3.348463076,6.119514838,9.575017925,14.33228219,20.69151993,27.92807255,33.45074123,41.56418065,45.75790059,50.55216384,54.16196887,56.61297568,61.88096296,63.91352636,65.31908754,67.61928894,68.55100308,72.19684478,75.75078774,78.05137371
Oman,OMN,,,,,0,,,,,,0,0.4397928048,0.8627253061,2.515665987,3.520421417,5.893841521,6.873396039,7.255742945,6.75885217,6.68358142,8.299716673,16.68,20,26.8,35.8278,48,60,66.45,70.22
Other small states,OSS,,,,,0,,,,,,0.06722784839,0.1321737378,0.4273087511,0.7973781959,1.651340354,2.12961578,2.537312972,3.276485531,4.704433798,4.977787967,5.687031455,6.546343356,7.50853482,8.155912875,10.46952479,12.51108517,14.50759991,16.32355482,18.39256825
Pakistan,PAK,,,,,0,,,,,0.0001227018556,0.00299173049,0.02754923794,0.04394771925,0.05535723787,,1.318550779,2.577426737,5.041158126,6.164320985,6.332329098,6.5,6.8,7,7.5,8,9,9.96,10.9,13.8
Panama,PAN,,,,,0,,,,0.007636899052,0.05612304266,0.219998526,0.5390655407,2.750648071,3.836864509,6.554796477,7.268399878,8.518077815,9.987424077,11.14086254,11.48400928,17.34956617,22.29,33.82,39.08,40.1,42.7,40.30189522,44.03,44.92
Peru,PER,,,,,0,,,,0.008504578333,0.03341230471,0.24623258,0.4034297011,1.19038044,1.952497608,3.076430611,7.578762957,8.96694917,11.6,14.1,17.1,20.7,25.2,30.57,31.4,34.77,36.01,38.2,39.2,40.2
Philippines,PHL,,,,,0,,,,0.005844253479,0.02858570182,0.05594602853,0.1369129629,1.103405994,1.431608803,1.982253196,2.52400566,4.332275746,4.857672267,5.243628452,5.397636329,5.740586325,5.97,6.22,9,25,29,36.2351,37,39.69
Palau,PLW,,,,,0,,,,,,,,,,,,20.24393947,21.60152718,26.97033263,,,,,,,,,,
Papua New Guinea,PNG,,,,,0,,,,,,0.002067022801,0.100588321,0.2349585416,0.6671133149,0.8352493024,0.9041035452,1.321656935,1.374404668,1.507912772,1.716190476,1.754487261,1.790559361,1.15,1.61,1.28,2,3.5,6.5,9.38
Poland,POL,,,,,0,0.005229468147,0.05212718125,0.1299617039,0.3890981444,0.6477523331,1.295200255,2.073465474,4.102272002,5.45644373,7.285428708,9.900669707,21.15,24.87,32.53,38.81,44.58,48.6,53.13,58.97,62.32,61.94999897,62.30999727,62.8492,66.6
Puerto Rico,PRI,,,,,0,,,,0.02725466239,0.1351027835,0.2681604275,1.331822159,2.647646679,5.265682651,10.47464821,15.63003092,17.54764757,19.70702566,22.13073823,23.40005045,25.44241821,27.86,38,41.5,45.3,48,68.9999826,73.9,78.78
Korea Dem. Rep.,PRK,,,,,0,,,,,,,0,0,0,0,0,0,0,0,0,0,0,0,0,0,0,0,,0
Portugal,PRT,,,,,0,0.1002305704,0.2504265014,0.450161608,0.7189057536,1.494334529,2.98087767,4.953001955,9.870446442,14.74233784,16.43046769,18.08713656,19.37,29.67,31.78,34.99,38.01,42.09,44.13,48.27,53.3,55.24999688,60.33999749,62.0956,64.59
Paraguay,PRY,,,,,0,,,,,,0.02035961182,0.09957671928,0.1949049507,0.3816573202,0.7476307115,1.098793836,1.794969598,2.111942082,3.452438431,7.907007861,7.962073884,11.21,14.27,18.9,19.8,24.76351588,29.34,36.9,43
Pacific island small states,PSS,,,,,0,,,,,0.02170898055,0.1310979216,0.2850801514,0.6122379648,0.8705621296,1.458222094,1.855033028,3.996478139,4.548423839,5.174474906,5.582895212,6.498386173,7.397865573,8.69695568,10.87792033,12.98691854,17.50835663,20.90334677,22.92465917,26.63312251
French Polynesia,PYF,,,,,0,,,,,,0.09097194425,0.2143852503,1.316164696,3.448900232,6.357063545,6.251588946,8.200216486,14.12429379,17.88453743,21.54218547,25.10796425,28.59,33.87,44.6,49,49,52.87663059,56.8,60.68
Qatar,QAT,,,,,0,,,,,0.1902095348,0.9301858325,3.083749186,3.52002985,4.070728915,4.863679179,6.170268561,10.22612893,19.24233642,20.70164785,24.73349378,28.97411271,37,44.3,53.1,69,69,69.3,85.3,91.49
Romania,ROU,,,,,0,,,0.003703214299,0.02630016164,0.07495275551,0.2216226492,0.4454446756,2.237649473,2.697580217,3.613717291,4.538669029,6.58,8.9,15,21.5,24.66,28.3,32.42,36.6,39.93,40.00999678,45.87999425,49.7645,54.08
Russian Federation,RUS,,,,,0,,0.000672532174,0.01344723789,0.05381749272,0.1481510423,0.2697529297,0.472963763,0.8127444507,1.018984614,1.977230109,2.944367787,4.128271818,8.298860616,12.8593889,15.2266732,18.02327746,24.66,26.83,29,43,49,63.8,67.97,70.52
Rwanda,RWA,,,,,0,,,,,,0.0008833716245,0.001625791029,0.01176357277,0.06717648243,0.06283145951,0.2406724098,0.2927847188,0.3569184673,0.4308542434,0.5560411648,,2.115387178,4.5,7.7,8,7,8.023854277,9,10.6
South Asia,SAS,,,,,0,,0.0001089829093,0.0002135878739,0.001078738763,0.02247238956,0.04079870088,0.0600474205,0.1170136778,0.2263170054,0.473920912,0.6635562042,1.462545237,1.843164413,2.184376036,2.546688328,2.983348307,3.973400118,4.416823408,5.157112647,7.206545642,9.396049144,11.51578631,13.75000654,16.60992469
Saudi Arabia,SAU,,,,,0,,,,,0.01095613356,0.0267326514,0.05209903088,0.1014298927,0.4935853402,2.210691809,4.681053166,6.38470502,8.001582891,10.234533,12.70503599,19.45955435,30,36,38,41,47.5,54,60.5,63.7
Sudan,SDN,,,,,0,,,,0,0,0,0.001231818968,0.004805071032,0.008794580756,0.02578503248,0.1401852245,0.4394776391,0.5384717032,0.7915616154,1.292040678,,8.66,,,16.7,17.30391318,21,22.7,24.64
Senegal,SEN,,,,,0,,,,,0.0006928481672,0.01123821912,0.02734744148,0.07987137939,0.3110909524,0.4039674859,0.9837940588,1.006454537,2.10143643,4.38602398,4.786684083,5.611738652,6.89,7.12,7.5,8,9.8,10.8,13.1,17.7
Singapore,SGP,,,,,0,0.1615044984,0.4713681555,0.7632781392,1.185203797,2.873418722,8.34995903,13.47162042,19.59076716,24.15543693,36,41.67042518,47,53.83794329,62,61,59,69.9,69,69,71,71,72,81,82
Solomon Islands,SLB,,,,,0,,,,,0.02487190967,0.2686835848,0.3919232458,0.508292797,0.4945414982,0.4812968061,0.4685519636,0.5019198434,0.5556098819,0.6496726733,0.8443075728,1.646347989,2,3,4,5,6,6.9974,8,9
Sierra Leone,SLE,,,,,0,,,0,0,0,0.002506116177,0.004987834671,0.01480506541,0.04849065561,0.1182542457,0.1602644455,0.1761989568,0.1901732817,0.2030076806,0.2153916103,0.2276694672,0.2398346985,0.25,0.26,0.58,0.9,1.3,1.7,2.1
El Salvador,SLV,,,,,0,,,,,,0.08638958073,0.2569606794,0.4252536723,0.8454287414,1.177397269,1.5,1.9,2.5,3.2,4.2,5.5,6.11,10.08,12.11,15.9,18.9,20.32138772,23.1093,29.7
San Marino,SMR,,,,,0,,,,,1.362132711,1.428075186,1.41854848,1.408557941,42.80331575,48.79949531,50.34166909,50.83483994,50.00345304,50.56634304,50.2595642,50.20865936,50.36482211,54.52,54.21,54.21,49.6,49.6,49.6,49.6
Somalia,SOM,,,,,0,,,,,0,0.001509550397,0.002948713034,0.00716442,0.01391039397,0.02,0.07903917867,0.1156142134,0.3761980025,1.053454744,1.077327839,1.100216368,1.122235622,1.142687372,1.160610542,,1.25,1.3767,1.5,1.63
Serbia,SRB,,,,,,,,,,,,,,,,,,,23.5,26.3,27.2,33.15,35.6,38.1,40.9,42.2,48.1,51.5,53.5
Sub-Saharan Africa (developing only),SSA,,,,,0,,,,,,0.06864275572,0.1287018296,0.2338144898,0.3591747529,0.5005759502,0.6413820706,0.8802302508,1.18976847,1.581329252,2.137924796,3.063932186,3.826853861,5.809650656,7.132861113,10.01558072,12.47924471,14.56983753,16.87071672,19.21813307
South Sudan,SSD,,,,,,,,,,,,,,,,,,,,,,,,,7,7,7,14.1,15.9
Sub-Saharan Africa (all income levels),SSF,,,,,0,,,,,,0.06872217789,0.1287797886,0.233989844,0.3596849947,0.5011162478,0.642242042,0.8813740824,1.190816665,1.583395659,2.139836151,3.066300727,3.828895574,5.810278507,7.128618329,10.01561604,12.48165416,14.57265546,16.87365969,19.22124478
Small states,SST,,,,,0,,,,,,0.2388767703,0.3709460165,0.8824643007,1.526569793,2.549551072,3.779961402,4.900599315,6.209816914,7.694250383,8.387581276,9.586771804,11.1101309,12.63391278,14.2650395,16.88939822,20.25373967,21.95686485,24.02612757,26.37991808
Sao Tome and Principe,STP,,,,,0,,,,,,,,0.2958470471,0.3632031613,4.638516816,6.310917888,7.580665169,10.16184431,13.32285269,13.75948422,14.18201978,14.5904832,15.48,16.41,18.75,20.1612,21.5724,23,24.41
Suriname,SUR,,,,,0,,,,,0.1147207353,0.2263062965,1.003086936,1.670148436,1.891871357,2.506411052,3.064448389,4.161568745,4.719875395,6.076047814,6.403086288,9.499626942,14.11,21.06,31.36,31.59,32,34.6812,37.4,40.08
Slovak Republic,SVK,,,,,0,,,0.1278292322,0.3185097043,0.5232101634,0.7832901094,1.173381014,2.689809786,5.437758139,9.426803201,12.52832185,40.14,43.04,52.89,55.19,56.08,61.8,66.05,70,75.71,74.43999717,76.70999012,77.8826,79.98
Slovenia,SVN,,,,,0,,,0.4097923992,1.071570172,2.898985609,5.072272271,7.591923004,10.10460285,12.61093843,15.11025956,30.17591047,27.83888542,31.85479301,40.81,46.81,54.01,56.74,58,64,70,67.33999481,68.34997453,72.6756,71.59
Sweden,SWE,,,,,0.5841920665,1.160519453,1.497871352,1.716364182,3.412810096,5.098024244,9.04359976,23.72794756,33.46751233,41.43278316,45.68765221,51.76566494,70.57,79.13,83.89,84.83,87.76,82.01,90,91,90,92.76998606,93.17998801,94.7836,92.52
Swaziland,SWZ,,,,,0,,,,,0.001031750044,0.05039900895,0.08854598636,0.09609960532,0.4707175996,0.9261917773,1.28159005,1.816203807,2.437073851,3.228685073,3.696961073,3.696538789,4.1,6.85,8.94,11.04,18.13,20.78178258,24.7,27.1
Sint Maarten (Dutch part),SXM,,,,,,,,,,,,,,,,,,,,,,,,,,,,,
Seychelles,SYC,,,,,0,,,,,,0.6514742863,1.28295593,2.526177514,6.229054803,7.395629183,11.01510293,14.30417083,14.59250432,24.27213922,25.41326815,34.95197117,38.38,40.44,,41,43.16400446,47.076,50.4,54.26
Syrian Arab Republic,SYR,0,0,0,0,0,0,0,0,0,0,0,0.03260781382,0.06368728625,0.1242954622,0.1816985801,0.35375913,2.093101019,3.397972614,4.321593778,5.648106049,7.832551569,11.5,14,17.3,20.7,22.5,24.3001,26.2,28.09
Turks and Caicos Islands,TCA,,,,,,,,,,,,,,,,,,,,,,,,,,,,,
Chad,TCD,,,,,0,,,,,,,0.0006581683097,0.004268504477,0.0123217277,0.03570707629,0.04593413436,0.1660696647,0.3203085554,0.360920107,0.3992577001,0.5810457642,0.8472245207,1.19,1.5,1.7,1.9,2.1,2.3,2.5
Togo,TGO,0,0,0,0,0,0,0,0,0,0,0.01092913853,0.2111394648,0.3055839352,0.5903632643,0.8,0.9,1,1.2,1.5,1.8,2,2.2,2.4,2.6,3,3.5,4,4.5,5.7
Thailand,THA,0,0,0,0,0,5.22E-05,0.0003437249698,0.01358096572,0.03861432074,0.07482533771,0.1154721363,0.3605221849,1.091218985,2.426242432,3.689041279,5.556326121,7.531250335,9.299027238,10.67730332,15.02600436,17.16071472,20.03,18.2,20.1,22.4,23.66992562,26.46,28.94,34.89
Tajikistan,TJK,,,,,0,,,,,,,,,0.03279185778,0.04859959458,0.05125913254,0.05546282699,0.06458377715,0.07747990714,0.2986900237,3.772406207,7.197619518,8.78,10.07,11.55,13.03,14.51,16,17.49
Turkmenistan,TKM,,,,,0,,,,,,,,,0.04502077033,0.1332821826,0.1752095177,0.3021320162,0.4251826319,0.7540539827,0.9972565585,1.319573118,1.406360688,1.75,1.95,3,5,7.1958,9.6,12.2
Timor-Leste,TLS,,,,,0,,,,,,,,,,,,0,,,0.09903176782,0.1166282765,0.1409587639,0.1638768156,0.1852515098,0.21,0.9,0.9147,1.1,1.14
Tonga,TON,,,,,0,,,,,0.12323112,0.1637934565,0.5108661224,0.7651343576,1.01796712,2.434398044,2.825371839,2.907297316,2.985817368,3.952373895,4.907782762,5.853944095,7.179865329,8.110769944,10,16,25,33,35,40
Trinidad and Tobago,TTO,,,,,0,,,,,0.1581498992,0.3930805249,1.173174658,2.724825339,5.814250962,7.721411474,15.38462722,21.99867548,25.97176411,27.02427008,28.97671243,30.00374858,32.3,34.8,44.3,48.5,55.2,59.5162,63.8,65.1
Tunisia,TUN,,,,,0,,,,0.007379544267,0.01119195433,0.02761537178,0.04365697449,0.1079409572,1.602494764,2.750740293,4.297966035,5.252887295,6.490845795,8.528817752,9.655086542,12.98640865,17.1,27.53,34.07,36.8,39.1,41.4416,43.8,46.16
Turkey,TUR,,,,,0,,,0.008457731624,0.0498691815,0.08169120532,0.1927249356,0.4736954321,0.6988051286,2.292117685,3.761685035,5.189481461,11.38,12.33,14.58,15.46,18.24,28.63,34.37,36.4,39.82,43.06571043,45.13,46.25,51.04
Tuvalu,TUV,,,,,0,,,,,,,,,,5.241639585,,,,,,,10,15,20,25,30,35,37,
Taiwan China,TWN,,,,,,,,,,,,,,,,,,,,,,,,,,,,,
Tanzania,TZA,,,,,0,,,,,,0.00162215453,0.007900283007,0.009244125143,0.07513088853,0.1171944401,0.1713003507,0.2224844139,0.6769628565,0.877574971,1.1,1.3,1.6,1.9,2.4,2.9,3.2,3.95,4.4,4.86
Uganda,UGA,,,,,0,,,,,0.002863471265,0.004625948146,0.01031934098,0.0652894652,0.1055439403,0.1637140631,0.2379450872,0.384093505,0.4648498401,0.7199706799,1.742205503,2.529363038,3.671965351,7.9,9.78,12.5,13.01354333,14.6896,16.2,17.71
Ukraine,UKR,,,,,0,,,0.00077697032,0.01364124561,0.04308398451,0.09858038139,0.1988218849,0.301075792,0.4053854484,0.716183762,1.238759547,1.873885116,3.148127588,3.489477881,3.749764415,4.506124564,6.55,11,17.9,23.3,28.70826284,35.27,41,43.4
Upper middle income,UMC,,,,,0,,,0.008104747048,0.01846260974,0.04467061905,0.1112241407,0.2399581759,0.579786202,1.23874442,2.455627923,3.527467132,5.990187067,7.729789575,9.553622388,11.0847591,13.55953414,18.05033345,22.99022546,28.10267949,32.80533038,36.94581475,40.78599848,44.06769082,47.72134654
Uruguay,URY,,,,,0,,,,0.0624743855,0.3101285824,1.847472089,3.363239668,6.987069365,9.972765285,10.53905775,11.12143768,11.4194702,15.93713672,17.06309834,20.08818956,29.4,34,39.3,41.8,46.4,51.40466106,54.45376868,57.69,61.46
United States,USA,,,,,0.7847285022,1.163193726,1.724202539,2.271673294,4.862780635,9.237088297,16.41935296,21.61640097,30.09319659,35.84872446,43.07916264,49.08083159,58.78540388,61.69711712,64.75825648,67.96805292,68.93119327,75,74,71,71.69,69.72946076,79.3,84.2,87.36
Uzbekistan,UZB,,,,,0,,,,,0.001527093452,0.004285074157,0.0105369348,0.02075443707,0.03068834322,0.4843473077,0.5975679939,1.081939742,1.912595178,2.593725421,3.343509888,6.388321967,7.490604681,9.080114523,17.05821621,20,30.2,36.5213,38.2,43.55
St. Vincent and the Grenadines,VCT,,,,,0,,,,,0.1286346221,0.4832483174,0.9263719569,1.853997683,2.7820023,3.245037411,5.094809778,5.54959488,6.462274167,7.371165842,9.198278082,12,16,21,31,38.5,43.01,47.52,52,56.48
Venezuela RB,VEN,,,,,0,,0.01208213396,0.04158723348,0.05548697776,0.1222148481,0.24826058,0.3909593177,1.383990391,2.839825767,3.359597465,4.636000948,4.910446327,7.499963465,8.404469592,12.55299791,15.22471148,20.83,25.88,32.7,37.37,40.22,49.05008307,54.9,57
Virgin Islands (U.S.),VIR,,,,,0,,,,0.9406452827,2.801957634,4.647185664,6.948368986,9.245220221,11.07460593,13.81508054,18.37576604,27.49443238,27.42907299,27.37700879,27.34431967,27.33261054,27.33933584,27.36177742,27.39650968,31.22,35.6,40.5479,45.3,50.07
Vietnam,VNM,,,,,0,,,,,,0.0001348132739,0.003981962348,0.01307854291,0.128926663,0.2542482758,1.265651236,1.854999236,3.780280814,7.642408528,12.73992929,17.25456172,20.75544477,23.92,26.55,30.65,35.07,39.49,43.9,48.31
Vanuatu,VUT,,,,,0,,,,,,0.05684563568,0.1395058146,0.2741859419,0.5383000484,2.108336891,2.830572239,3.510038711,3.903295845,4.746602619,5.082333808,5.850585059,6.8,7.269119923,7.5,8,9.2,10.598,11.3,18.8
West Bank and Gaza,PSE,,,,,0,,,,,,,,,,1.111306207,1.836854839,3.100092235,4.130616356,4.400904826,16.005,18.41,21.176,24.358,32.23,37.4,41.08,43.4,46.6,53.67
World,WLD,,,,,0.04968628807,,,0.2535333758,0.4499596376,0.7823126741,1.334112339,2.052749045,3.156586186,4.654126336,6.770369523,8.095858937,10.58632719,12.28525223,14.18245532,15.79998197,17.61936381,20.55234505,23.2869563,25.80017676,29.19600651,31.82406187,35.14950461,37.99131625,40.68913661
Samoa,WSM,,,,,0,,,,,,,0.1745718625,0.2303590145,0.2853083327,0.5663925327,1.689902831,2.244832676,2.799630449,3.07552941,3.352592112,4.469173873,4.749983235,5.031615316,6,7,11,12.92249,15.3,21.2
Yemen Rep.,YEM,,,,,0,,,,,,0.0006210807476,0.01502529539,0.02332324253,0.05662867524,0.08250038651,0.09080245872,0.5187960321,0.6047341004,0.8812229887,1.048597934,1.247824049,5.01,6.89,9.96,12.35,14.905,17.4465,20,22.55
South Africa,ZAF,,,,,0,0.01328359142,0.03886910595,0.1137471838,0.246905533,0.6767401042,0.8418829312,1.632093791,2.906220867,4.116249583,5.348559732,6.346619318,6.710322437,7.007691726,8.425118683,7.48854253,7.607139675,8.065375174,8.43,10,24,33.97,41,46.5,49
Congo Dem. Rep.,COD,,,,,0,,,,,,0.0001082067318,0.0002112132301,0.0004130651687,0.001009076135,0.005902113681,0.01147578192,0.09279070246,0.1349148374,0.1962083752,0.2380377987,0.2960536103,0.37,0.44,0.56,0.72,1.2,1.679961015,2.2,3
Zambia,ZMB,,,,,0,,,,0.006776105284,0.008783623023,0.009069176047,0.009329657863,0.03022618252,0.1470531721,0.1910716425,0.2331295563,0.4777509069,0.9804830394,2.013549532,2.851752261,4.159913394,4.87,5.55,6.31,10,11.5,13.4682,15.4,17.34
Zimbabwe,ZWE,,,,,0,,,,0.001739279559,0.00768353992,0.01679048389,0.03308032672,0.0816484762,0.1616755276,0.4014335352,0.7998460456,3.994356135,6.394786458,6.564045027,8.015978089,9.791841502,10.85,11.4,11.36,11.5,15.7,17.09,18.5,19.89
